geocode,geocode_desc,PCT0120001,PCT0120002,PCT0120003,PCT0120004,PCT0120005,PCT0120006,PCT0120007,PCT0120008,PCT0120009,PCT0120010,PCT0120011,PCT0120012,PCT0120013,PCT0120014,PCT0120015,PCT0120016,PCT0120017,PCT0120018,PCT0120019,PCT0120020,PCT0120021,PCT0120022,PCT0120023,PCT0120024,PCT0120025,PCT0120026,PCT0120027,PCT0120028,PCT0120029,PCT0120030,PCT0120031,PCT0120032,PCT0120033,PCT0120034,PCT0120035,PCT0120036,PCT0120037,PCT0120038,PCT0120039,PCT0120040,PCT0120041,PCT0120042,PCT0120043,PCT0120044,PCT0120045,PCT0120046,PCT0120047,PCT0120048,PCT0120049,PCT0120050,PCT0120051,PCT0120052,PCT0120053,PCT0120054,PCT0120055,PCT0120056,PCT0120057,PCT0120058,PCT0120059,PCT0120060,PCT0120061,PCT0120062,PCT0120063,PCT0120064,PCT0120065,PCT0120066,PCT0120067,PCT0120068,PCT0120069,PCT0120070,PCT0120071,PCT0120072,PCT0120073,PCT0120074,PCT0120075,PCT0120076,PCT0120077,PCT0120078,PCT0120079,PCT0120080,PCT0120081,PCT0120082,PCT0120083,PCT0120084,PCT0120085,PCT0120086,PCT0120087,PCT0120088,PCT0120089,PCT0120090,PCT0120091,PCT0120092,PCT0120093,PCT0120094,PCT0120095,PCT0120096,PCT0120097,PCT0120098,PCT0120099,PCT0120100,PCT0120101,PCT0120102,PCT0120103,PCT0120104,PCT0120105,PCT0120106,PCT0120107,PCT0120108,PCT0120109,PCT0120110,PCT0120111,PCT0120112,PCT0120113,PCT0120114,PCT0120115,PCT0120116,PCT0120117,PCT0120118,PCT0120119,PCT0120120,PCT0120121,PCT0120122,PCT0120123,PCT0120124,PCT0120125,PCT0120126,PCT0120127,PCT0120128,PCT0120129,PCT0120130,PCT0120131,PCT0120132,PCT0120133,PCT0120134,PCT0120135,PCT0120136,PCT0120137,PCT0120138,PCT0120139,PCT0120140,PCT0120141,PCT0120142,PCT0120143,PCT0120144,PCT0120145,PCT0120146,PCT0120147,PCT0120148,PCT0120149,PCT0120150,PCT0120151,PCT0120152,PCT0120153,PCT0120154,PCT0120155,PCT0120156,PCT0120157,PCT0120158,PCT0120159,PCT0120160,PCT0120161,PCT0120162,PCT0120163,PCT0120164,PCT0120165,PCT0120166,PCT0120167,PCT0120168,PCT0120169,PCT0120170,PCT0120171,PCT0120172,PCT0120173,PCT0120174,PCT0120175,PCT0120176,PCT0120177,PCT0120178,PCT0120179,PCT0120180,PCT0120181,PCT0120182,PCT0120183,PCT0120184,PCT0120185,PCT0120186,PCT0120187,PCT0120188,PCT0120189,PCT0120190,PCT0120191,PCT0120192,PCT0120193,PCT0120194,PCT0120195,PCT0120196,PCT0120197,PCT0120198,PCT0120199,PCT0120200,PCT0120201,PCT0120202,PCT0120203,PCT0120204,PCT0120205,PCT0120206,PCT0120207,PCT0120208,PCT0120209
37001,ALAMANCE,151131,71890,963,931,1005,1021,926,1002,986,1040,1058,1040,1044,1017,1051,997,969,992,1025,1042,1086,1267,1217,1257,1043,852,804,850,720,810,814,812,877,733,842,780,885,882,826,939,1024,1100,1134,993,983,1078,1064,1092,1109,1131,1089,1044,1087,987,1114,1033,1024,909,947,873,815,832,839,792,885,809,604,671,622,657,592,489,440,437,419,413,415,366,395,335,318,316,292,259,251,226,205,183,149,136,109,105,81,60,48,39,21,19,8,11,3,0,4,0,0,79241,914,915,934,945,970,922,965,941,927,1008,1010,1011,991,965,953,985,1043,935,1241,1484,1444,1378,1090,871,926,907,831,926,903,877,910,916,960,856,955,949,956,1036,1107,1146,1123,1087,1026,1130,1093,1112,1173,1158,1153,1129,1177,1075,1068,1079,1057,1122,1028,1006,963,883,938,943,1003,957,768,753,727,777,647,632,580,563,546,543,505,531,508,503,462,411,451,449,397,422,365,368,303,282,235,226,164,143,116,118,73,56,39,27,27,15,20,3,0
37003,ALEXANDER,37198,18824,219,198,236,232,248,223,249,201,233,236,258,261,233,255,258,269,300,242,243,207,198,176,182,202,176,227,199,255,257,224,249,239,246,256,225,241,252,274,293,314,307,280,274,269,282,320,318,321,318,320,298,271,262,267,294,246,241,238,260,228,259,255,262,266,190,188,190,208,181,173,167,168,132,140,91,117,91,106,74,76,59,51,48,45,38,20,34,26,15,13,14,7,5,2,5,2,3,0,1,0,2,0,0,18374,209,223,213,213,218,245,205,226,246,273,204,222,242,215,240,234,242,232,236,175,159,175,181,168,192,219,172,198,194,223,220,196,220,164,207,243,241,237,277,265,262,251,275,255,243,296,330,283,266,258,273,254,277,270,281,262,258,221,266,258,247,233,286,262,208,223,204,215,196,172,185,146,158,134,126,123,129,132,124,97,95,84,101,64,60,47,50,54,49,27,31,32,22,12,12,11,8,1,4,3,4,0,0
37005,ALLEGHANY,11155,5532,51,52,61,64,65,43,56,56,59,72,64,64,63,61,74,67,72,86,79,65,64,53,43,40,62,59,58,63,58,55,61,58,57,68,57,52,55,76,74,77,68,53,85,70,78,84,75,64,72,90,103,79,83,80,86,88,87,79,89,89,83,89,109,95,72,75,82,69,74,64,51,59,52,53,41,36,56,42,42,27,27,21,31,25,14,16,10,7,10,11,8,4,1,6,1,2,0,1,0,0,0,0,0,5623,51,36,64,61,76,50,50,62,53,77,51,76,69,55,81,61,62,70,68,49,51,50,36,52,53,51,42,43,52,48,45,60,43,56,50,60,66,79,64,55,75,69,75,68,62,60,78,91,80,71,78,92,91,99,81,98,88,85,77,92,89,82,110,81,87,77,73,93,64,68,59,63,55,63,47,51,64,46,57,44,40,36,35,28,32,30,25,29,25,19,12,7,15,6,8,4,1,5,1,2,2,0,0
37007,ANSON,26948,14015,182,164,138,172,143,140,165,169,160,179,177,158,155,139,159,181,193,199,187,158,168,208,220,214,193,223,194,219,223,216,231,212,227,214,190,225,181,187,215,235,210,196,195,232,199,216,219,219,243,204,203,218,219,216,217,206,189,187,151,175,179,200,176,157,124,127,126,104,97,101,92,94,62,69,67,69,52,58,49,54,39,36,47,35,28,28,26,24,10,22,9,8,1,2,3,7,2,0,1,1,2,0,0,12933,135,149,173,148,163,155,156,168,160,167,199,147,179,159,160,173,195,207,146,169,160,143,149,136,123,155,160,138,127,140,132,130,148,135,138,152,132,154,159,146,204,148,204,169,186,164,194,179,153,192,178,186,185,218,171,166,212,162,185,179,188,190,147,144,150,156,142,138,132,111,110,97,106,84,107,85,85,82,71,64,85,75,69,73,54,66,52,42,42,34,36,21,21,30,15,4,7,8,2,1,6,1,0
37009,ASHE,27281,13489,141,164,153,121,135,152,129,151,157,145,161,145,146,167,165,129,165,175,154,149,145,131,128,143,140,156,123,155,170,161,177,138,156,146,153,144,180,176,169,198,180,179,192,181,160,195,189,192,233,217,217,185,201,192,202,191,228,212,225,179,209,192,235,226,177,184,182,168,151,134,139,146,141,101,116,125,87,78,85,73,74,68,71,55,44,42,37,30,20,16,10,11,4,6,2,2,1,0,1,1,2,0,0,13792,137,127,163,152,159,127,147,123,131,159,133,193,127,165,142,137,135,143,120,119,108,129,99,88,118,129,142,140,137,159,135,141,152,155,138,152,150,162,166,162,162,170,163,178,193,196,219,182,211,198,222,196,203,233,217,207,233,226,226,195,197,241,241,216,172,176,182,186,194,171,166,179,151,121,139,120,110,90,96,117,99,89,82,80,69,80,60,45,49,46,45,35,30,28,16,12,10,8,4,4,5,0,0
37011,AVERY,17797,9690,83,73,85,81,79,69,81,70,77,87,85,79,107,90,92,95,97,107,112,140,125,176,155,130,155,135,132,143,144,150,155,120,162,116,121,151,157,175,157,174,174,168,143,149,142,169,169,167,159,158,154,160,142,132,125,115,148,123,126,124,132,145,110,142,110,97,91,99,93,86,73,69,79,61,56,73,46,58,46,40,44,36,31,41,26,44,15,21,8,11,6,5,16,6,1,1,0,1,0,2,0,0,0,8107,62,69,90,82,69,65,80,87,82,88,105,72,84,98,82,104,103,100,112,141,114,130,90,82,77,74,73,84,78,77,81,102,103,71,85,97,91,85,97,95,102,98,97,74,114,113,97,117,115,118,123,121,111,127,108,128,111,115,108,129,105,128,118,146,108,96,95,112,82,98,89,99,91,67,74,77,52,66,68,60,59,45,50,65,40,40,26,41,28,25,21,5,8,5,8,3,6,4,5,2,3,0,0
37013,BEAUFORT,47759,23008,306,259,278,297,308,288,259,329,301,354,314,299,309,275,333,301,302,352,298,263,211,225,230,221,245,230,224,209,237,273,258,247,277,241,253,276,233,285,283,280,264,275,278,289,260,298,326,320,326,307,328,352,328,338,364,340,373,389,333,331,378,354,366,387,317,292,296,305,257,243,229,220,226,193,170,155,116,179,128,114,106,102,84,82,80,48,40,25,46,17,21,13,7,15,6,2,1,2,1,1,2,0,0,24751,258,255,261,299,260,281,268,294,314,307,308,275,295,259,279,264,291,295,288,256,252,235,232,203,234,261,250,265,232,242,263,258,265,288,277,279,245,298,292,333,316,246,285,286,297,322,340,331,353,351,374,409,410,354,402,379,386,389,405,402,373,399,424,417,332,339,338,344,318,261,225,266,238,216,197,211,181,209,168,158,148,131,132,102,105,98,82,87,83,68,72,53,34,18,25,11,9,8,3,6,14,0,0
37015,BERTIE,21282,10534,119,113,114,140,110,95,111,121,130,123,133,111,124,129,138,136,132,189,151,120,122,154,151,163,163,169,146,145,155,127,154,147,137,124,104,122,141,118,127,129,117,127,126,119,139,154,172,184,163,171,152,158,179,181,182,162,142,167,147,154,128,106,137,130,121,106,87,97,84,91,66,96,73,64,85,57,67,66,45,56,38,50,37,28,26,34,23,13,19,18,5,16,12,6,6,3,3,1,0,0,1,0,0,10748,113,107,112,120,128,112,113,105,108,110,116,110,133,137,133,146,145,120,134,106,110,122,117,111,116,96,112,112,102,116,99,84,86,103,119,106,98,119,144,131,121,120,118,128,159,160,172,171,173,156,196,158,211,161,187,193,164,181,161,174,151,145,145,145,110,132,117,121,96,103,103,94,115,90,116,99,83,95,67,76,81,81,75,48,58,41,53,44,41,21,29,27,22,16,10,7,3,3,2,1,7,0,0
37017,BLADEN,35190,16887,197,192,211,248,235,215,232,207,212,208,251,230,241,244,234,248,237,257,243,224,217,198,173,191,192,162,178,208,197,194,201,185,228,192,186,200,211,231,200,204,214,222,209,186,222,229,201,266,242,218,285,246,299,247,276,255,313,278,250,242,274,230,270,211,219,206,188,168,164,124,139,126,122,107,122,116,81,87,65,69,72,56,51,39,36,22,21,17,25,16,8,7,4,3,1,3,2,0,1,0,1,0,0,18303,188,201,197,232,230,222,221,205,232,211,246,215,225,230,235,227,242,259,198,195,206,170,206,171,187,209,208,200,201,201,235,176,223,202,190,192,246,242,239,213,224,217,236,217,237,289,269,264,237,263,287,294,293,275,275,290,297,293,271,296,262,239,245,253,240,204,243,208,175,190,157,151,148,160,158,144,105,126,112,112,88,101,84,85,63,66,78,38,52,35,29,19,18,18,12,6,8,2,2,5,8,2,0
37019,BRUNSWICK,107431,52660,568,635,637,590,604,583,547,560,604,562,595,570,533,580,515,521,594,616,518,514,496,434,461,497,473,527,516,596,540,615,591,592,574,564,545,599,566,618,592,707,632,584,598,586,610,677,631,697,683,711,750,716,718,675,686,726,734,777,828,830,884,946,1073,1189,960,945,1023,1070,884,785,738,661,582,514,525,493,396,422,325,284,269,236,199,169,132,116,103,75,53,51,39,26,34,20,10,10,6,7,2,3,3,0,0,54771,529,566,546,575,578,557,523,519,535,549,552,525,526,506,509,518,587,547,457,417,436,435,461,472,542,478,529,575,590,609,625,598,621,583,584,591,566,617,631,640,620,604,615,610,608,679,727,676,716,753,815,742,796,769,833,881,984,976,1009,1007,1038,1146,1254,1282,1011,1030,1034,1010,878,743,645,668,557,542,494,436,398,361,329,303,284,267,254,226,191,192,184,122,143,107,102,64,58,42,45,37,32,14,7,4,11,2,0
37021,BUNCOMBE,238318,114770,1342,1327,1383,1396,1417,1351,1428,1347,1369,1454,1383,1398,1308,1349,1384,1510,1516,1494,1400,1491,1394,1376,1428,1457,1475,1554,1504,1545,1588,1620,1731,1605,1601,1554,1456,1592,1541,1615,1572,1700,1720,1598,1503,1585,1544,1697,1613,1626,1663,1667,1655,1705,1666,1591,1670,1634,1613,1658,1595,1539,1562,1432,1523,1541,1193,1151,1136,1126,1022,898,869,802,754,726,741,671,580,576,559,519,489,474,403,447,343,336,277,252,217,163,136,108,60,58,39,34,20,10,7,5,13,1,0,123548,1301,1265,1316,1332,1396,1294,1302,1315,1303,1318,1401,1367,1283,1232,1279,1301,1312,1367,1418,1479,1484,1458,1538,1556,1538,1594,1603,1588,1616,1712,1673,1624,1676,1588,1451,1561,1473,1553,1550,1684,1705,1559,1533,1561,1590,1728,1706,1747,1726,1854,1788,1818,1936,1793,1950,1884,1834,1851,1810,1657,1751,1808,1697,1784,1303,1310,1344,1299,1265,1017,1008,1021,882,896,866,874,725,749,754,688,740,663,729,719,644,589,531,459,486,404,326,237,212,157,119,104,68,71,31,31,52,3,1
37023,BURKE,90912,45468,501,572,518,563,511,511,516,548,531,614,618,591,594,589,638,642,701,799,1103,834,729,573,573,512,510,464,470,499,565,502,500,485,504,500,461,566,526,577,608,605,645,649,631,704,698,709,697,695,710,734,660,644,655,649,634,625,623,551,632,570,621,585,633,622,436,467,449,464,416,400,350,369,320,302,296,270,241,208,200,216,193,169,142,136,125,97,89,57,66,49,38,24,20,15,18,5,16,1,2,2,1,0,0,45444,447,478,531,468,479,503,503,520,498,572,555,541,553,554,608,645,588,588,543,519,496,499,435,448,472,455,424,486,451,488,517,504,487,468,497,533,477,611,604,599,666,622,561,611,667,680,688,702,689,706,750,720,681,721,676,635,638,650,575,652,643,672,604,655,496,484,582,515,504,439,422,369,365,394,365,363,345,351,281,290,298,246,241,231,179,189,172,160,156,119,95,71,57,48,29,19,20,13,8,4,15,1,0
37025,CABARRUS,178011,86944,1229,1277,1375,1373,1435,1393,1444,1416,1455,1531,1446,1369,1385,1310,1425,1462,1463,1398,1157,996,905,886,849,930,1026,958,946,1026,1051,1098,1144,1117,1117,1202,1114,1303,1239,1361,1462,1589,1530,1391,1428,1393,1359,1380,1317,1388,1287,1312,1265,1298,1200,1152,1093,1063,966,991,919,864,890,899,887,903,652,635,741,632,603,515,444,428,432,366,375,350,310,302,271,251,252,223,219,177,152,168,136,99,100,75,47,46,33,21,13,13,3,5,6,5,7,0,0,91067,1175,1247,1279,1324,1300,1259,1419,1344,1321,1421,1403,1303,1339,1344,1280,1300,1261,1276,1057,971,877,884,916,855,955,1061,979,1178,1118,1176,1241,1202,1220,1291,1359,1302,1331,1400,1542,1665,1532,1475,1400,1441,1299,1468,1443,1389,1338,1371,1332,1335,1276,1197,1137,1110,1078,1074,1038,970,979,893,1012,957,718,753,752,759,674,599,559,571,534,519,505,426,439,405,398,343,399,339,355,286,285,272,261,207,211,181,142,128,87,71,50,40,18,19,20,9,12,2,0
37027,CALDWELL,83029,40848,430,480,517,488,484,471,502,459,517,546,591,622,560,549,551,581,595,597,575,491,450,468,398,449,428,389,421,398,410,435,446,456,520,431,519,524,558,594,610,660,671,647,653,616,637,677,629,675,641,637,692,595,606,607,601,618,603,588,582,522,554,532,580,519,466,388,425,456,432,381,337,275,300,282,261,264,207,182,185,169,130,140,123,99,82,90,73,50,58,38,22,22,13,15,12,10,5,3,0,0,1,0,0,42181,413,447,406,499,481,506,497,471,506,567,559,539,559,531,558,527,597,583,535,487,464,444,408,433,385,387,416,378,442,435,462,467,467,457,470,507,537,523,580,685,635,641,605,585,625,637,667,659,639,678,618,629,628,598,636,607,629,604,563,548,592,608,606,577,466,477,456,473,434,401,373,364,372,334,327,277,292,290,252,242,206,215,220,199,159,132,138,125,120,97,66,63,42,33,30,27,19,13,7,4,6,1,0
37029,CAMDEN,9980,5006,50,63,62,79,77,72,68,86,52,80,76,70,67,74,79,91,80,89,60,63,59,37,36,44,43,41,44,42,46,44,61,55,44,53,58,69,74,65,88,86,68,72,84,69,97,79,110,102,80,94,90,80,81,88,82,78,74,58,59,55,59,56,67,54,49,49,46,47,45,39,33,29,31,23,23,31,18,29,18,14,22,15,8,15,11,9,9,8,5,4,1,3,1,4,1,1,1,1,0,0,0,0,0,4974,51,47,52,59,55,61,72,79,79,77,71,83,86,81,72,82,62,73,63,43,37,43,35,44,37,34,39,40,69,51,58,66,47,50,58,78,77,79,82,82,87,89,74,86,72,93,79,83,88,89,92,67,89,77,79,66,63,59,67,54,56,52,52,63,55,41,50,63,34,49,32,41,35,34,23,24,25,26,27,21,24,18,15,15,16,14,10,11,8,11,2,5,5,4,0,4,0,0,0,2,0,0,0
37031,CARTERET,66469,32829,334,305,323,361,380,356,386,294,314,368,375,369,375,363,349,397,403,461,375,328,307,348,322,390,384,383,417,395,375,410,389,349,377,346,322,357,359,358,379,404,405,438,434,463,426,464,489,466,502,526,559,508,500,534,529,508,530,503,522,470,538,516,559,566,455,464,457,447,382,352,371,321,261,269,270,219,206,205,196,194,175,161,160,136,116,105,89,62,54,52,21,25,18,16,9,9,6,3,0,0,1,0,0,33640,303,300,293,339,323,331,292,302,342,382,355,341,336,340,358,367,387,371,369,288,323,291,292,337,400,326,322,345,335,353,355,328,358,363,306,305,357,351,339,450,444,439,401,427,456,466,512,523,566,567,573,587,649,590,538,523,596,611,538,548,565,529,578,578,454,487,459,458,422,381,327,332,330,314,271,273,252,240,277,230,207,201,204,178,149,133,125,100,109,80,74,47,42,31,20,29,19,7,5,3,11,0,0
37033,CASWELL,23719,12074,101,117,114,124,146,132,148,134,152,175,144,148,148,153,129,145,159,168,146,121,149,134,129,144,131,135,149,138,143,143,148,150,146,150,130,152,153,164,172,194,168,155,168,188,175,187,222,198,238,205,218,187,210,203,214,222,185,191,159,159,191,189,164,163,155,131,128,139,111,99,111,81,76,92,81,62,57,57,41,51,43,32,19,28,29,34,24,18,14,8,13,7,5,6,1,1,1,1,0,0,1,0,0,11645,118,103,110,107,141,111,147,136,120,127,145,130,120,130,139,168,152,148,140,115,122,101,106,104,100,105,102,116,109,103,108,124,110,121,109,132,126,147,147,167,145,127,177,137,159,171,180,207,185,187,176,198,196,221,206,194,203,212,195,180,200,184,159,184,143,151,130,154,116,94,121,110,102,99,108,96,84,54,71,75,57,69,56,57,55,50,52,36,30,25,25,11,17,8,11,10,3,7,5,1,3,0,0
37035,CATAWBA,154358,75603,910,978,966,1001,1034,1008,1023,1013,1121,1129,1108,1059,1049,1029,1118,1095,1080,1113,1085,957,830,851,910,782,860,864,855,839,885,893,946,902,987,939,899,1034,1025,1021,1135,1165,1174,1051,1145,1173,1092,1223,1192,1218,1251,1194,1158,1107,1125,1146,1082,1043,986,977,970,883,901,971,970,988,797,727,753,735,607,573,528,521,471,437,432,418,301,326,327,283,261,269,226,183,176,134,145,119,85,78,53,42,20,16,18,7,5,3,3,2,4,0,0,78755,910,886,1003,1022,960,970,1005,1003,1023,1015,1047,1054,985,949,1031,1010,1064,1024,984,910,900,852,861,820,908,856,812,875,925,869,953,954,943,925,902,1043,994,1082,1181,1186,1165,1097,1108,1099,1116,1160,1217,1154,1141,1175,1292,1117,1159,1090,1154,1160,1053,1024,1005,1044,1068,992,1074,1081,829,733,821,808,732,682,619,580,530,503,557,537,475,478,411,432,419,365,352,308,303,341,256,225,213,189,154,118,91,74,48,41,30,16,12,12,19,1,0
37037,CHATHAM,63505,30654,346,395,392,400,440,413,416,446,375,396,389,383,402,358,381,403,343,388,390,278,246,297,308,277,279,285,280,301,307,306,325,317,344,367,366,363,374,391,398,495,476,430,451,431,432,452,447,451,445,476,450,476,480,454,457,473,457,492,460,424,447,403,455,427,381,394,358,394,279,298,283,246,235,209,232,210,184,196,184,156,154,141,160,131,128,99,82,54,61,52,44,35,28,12,7,9,5,4,1,1,1,0,0,32851,356,375,394,425,394,425,410,391,390,399,395,327,344,357,349,337,379,328,281,256,270,243,267,297,295,284,281,301,357,329,357,341,368,389,342,389,405,385,454,494,481,400,456,428,437,451,480,486,495,513,528,490,490,446,505,509,488,527,523,472,495,489,546,546,446,396,409,425,354,354,290,278,312,250,256,274,226,219,232,222,214,184,207,194,184,183,151,119,122,111,102,66,54,46,35,29,27,19,5,7,8,0,0
37039,CHEROKEE,27444,13341,130,119,155,163,153,102,133,153,141,130,174,157,161,167,174,178,160,152,152,139,109,108,99,106,108,130,97,123,124,113,132,146,126,124,126,139,141,139,148,171,166,169,165,167,188,181,168,172,182,168,185,214,208,179,183,216,241,192,212,190,273,224,247,251,213,215,199,223,217,198,188,152,156,153,142,140,122,83,87,80,70,67,62,63,54,43,33,29,15,31,11,19,8,8,4,2,6,5,0,0,0,0,0,14103,125,131,134,126,141,130,154,126,157,157,125,147,141,136,165,148,173,169,165,99,112,109,98,105,110,131,114,141,112,135,132,116,138,123,137,146,154,127,176,178,152,149,157,158,186,189,160,196,197,179,218,168,221,224,227,232,228,249,233,238,233,291,248,305,223,260,264,235,231,171,183,165,161,153,146,151,110,120,95,93,96,92,82,80,84,74,60,59,36,41,41,21,22,21,15,10,7,4,8,2,5,1,0
37041,CHOWAN,14793,7030,87,86,85,85,92,90,73,95,99,92,93,105,83,100,118,118,101,103,83,68,71,74,61,61,94,79,65,66,75,83,93,59,65,90,64,74,71,64,83,70,81,79,79,58,76,86,99,117,116,112,107,97,94,106,108,126,98,113,111,92,106,102,109,103,93,77,84,94,85,65,75,72,69,61,56,46,61,42,39,49,34,36,39,23,20,24,21,15,12,10,7,3,8,5,2,2,1,2,3,1,1,0,0,7763,90,83,95,86,90,93,82,88,85,108,90,85,86,99,74,97,75,106,83,66,59,73,83,74,82,79,66,98,69,68,75,69,97,95,79,81,65,77,91,79,72,85,72,100,86,121,101,118,116,119,131,123,112,116,97,135,122,122,130,109,130,120,101,137,104,103,101,94,87,92,80,64,70,70,95,48,72,51,62,54,56,53,56,38,53,47,39,27,33,25,18,12,14,14,7,10,5,4,4,0,6,0,0
37043,CLAY,10587,5223,46,57,45,52,57,52,55,95,48,59,67,52,72,64,70,52,72,64,56,44,59,36,33,45,61,57,48,31,38,61,32,65,40,45,62,47,56,60,63,61,58,52,62,64,47,51,56,73,76,61,86,87,84,75,75,69,84,69,82,85,94,92,102,108,98,77,88,94,72,77,61,58,53,62,64,56,50,41,38,43,36,30,23,27,29,15,9,11,6,11,7,3,6,2,3,1,0,0,1,0,0,0,0,5364,57,42,49,35,62,43,49,41,51,59,46,44,46,59,60,54,52,55,49,47,43,47,42,34,39,42,41,50,45,46,52,41,60,56,38,55,54,49,59,61,45,81,60,53,42,67,62,68,65,80,84,86,78,100,89,85,101,91,119,94,91,99,133,104,89,98,98,83,79,58,96,63,54,54,43,55,44,49,41,27,46,43,47,31,20,32,24,29,22,16,26,13,8,14,10,8,6,1,1,4,1,0,0
37045,CLEVELAND,98078,47319,582,625,609,571,555,639,642,591,643,712,646,720,666,688,698,711,741,794,743,738,730,626,603,497,510,502,441,514,503,459,510,509,526,525,535,522,549,565,627,687,670,653,637,752,694,732,717,765,758,706,804,666,729,703,640,724,707,657,647,573,619,603,649,623,479,480,484,475,447,376,390,315,304,272,249,261,257,242,191,198,195,153,153,111,133,82,93,66,57,46,40,32,21,9,10,8,2,4,2,0,0,0,0,50759,550,563,582,591,591,598,582,597,624,604,641,650,622,661,649,667,721,672,700,818,710,666,599,483,516,495,508,529,576,545,607,530,544,536,523,610,536,664,697,751,718,689,734,688,709,732,827,748,764,748,745,695,723,801,735,721,728,702,685,657,725,680,718,735,525,541,540,539,485,446,451,389,394,383,396,378,337,318,292,287,272,252,266,224,199,192,190,137,124,101,90,75,55,53,34,27,24,8,5,6,9,0,0
37047,COLUMBUS,58098,28753,333,333,368,338,381,391,379,373,380,387,388,396,381,340,406,389,391,390,364,398,341,410,384,389,391,367,371,418,412,371,413,357,393,370,378,344,411,357,381,404,370,370,393,378,397,457,477,412,419,418,369,413,437,395,401,431,381,419,382,371,392,376,392,365,322,317,289,285,213,259,221,208,194,184,176,170,161,137,109,109,105,104,76,51,45,51,40,37,35,20,16,9,8,2,4,4,0,3,4,2,0,0,0,29345,327,352,361,344,377,341,351,380,366,443,387,379,401,348,412,443,398,378,400,300,284,318,312,344,320,282,315,314,313,305,338,309,323,345,319,328,337,374,376,354,348,370,374,355,392,438,400,459,412,429,435,417,483,446,418,412,398,400,399,432,380,382,398,453,335,347,335,318,270,310,276,257,254,225,254,247,211,215,182,194,124,153,141,129,114,106,102,71,69,44,54,48,33,22,26,13,18,7,5,1,6,1,0
37049,CRAVEN,103505,51492,843,843,824,750,684,697,628,643,625,683,609,657,625,601,630,631,622,648,621,912,1202,1187,1232,1079,999,878,814,785,751,706,670,640,635,652,584,565,529,615,586,587,606,546,554,545,542,637,618,637,616,660,678,637,719,677,602,639,600,589,601,553,553,588,602,628,453,469,525,466,411,402,395,357,371,343,323,282,269,284,240,255,237,227,172,161,151,135,102,81,77,56,38,40,22,14,20,2,4,3,2,3,1,0,0,52013,778,773,762,734,690,665,620,596,639,707,673,675,602,557,615,647,599,628,573,674,788,819,803,792,826,743,697,680,685,687,639,621,603,595,602,585,511,577,595,612,618,572,548,523,561,640,681,652,719,737,690,765,799,634,787,695,711,661,684,640,686,626,659,678,510,586,585,557,474,454,419,403,418,395,387,353,290,361,330,355,304,257,268,204,243,212,179,165,131,116,88,70,72,47,44,44,18,14,9,5,12,0,1
37051,CUMBERLAND,319431,154328,2832,2754,2647,2641,2534,2425,2337,2348,2338,2392,2362,2247,2294,2192,2223,2335,2196,2330,2478,2800,3092,3186,3190,3254,3229,3061,3112,2935,2670,2545,2484,2150,2126,1934,1860,1881,1802,1843,1950,2000,1944,1821,1855,1752,1930,2046,2063,1898,1891,2002,1990,1908,1872,1860,1751,1716,1642,1564,1467,1474,1461,1398,1352,1315,1009,952,941,964,785,720,743,690,658,578,594,529,553,512,455,452,367,314,288,214,226,161,146,109,105,68,48,45,35,25,16,22,6,7,6,2,2,0,0,165103,2804,2591,2714,2547,2475,2347,2286,2215,2215,2303,2283,2210,2245,2192,2097,2128,2230,2232,2286,2469,2736,2800,2878,3054,3044,3014,2907,2862,2688,2571,2631,2422,2220,2164,2138,2209,2035,2069,2229,2360,2300,2136,2026,2037,2115,2331,2318,2329,2292,2238,2302,2070,2173,2122,2129,2005,1911,1773,1719,1713,1627,1552,1521,1460,1142,1198,1170,1153,1104,968,1020,901,856,786,823,760,722,680,636,579,526,545,509,429,427,348,309,254,275,183,169,125,110,79,46,58,35,31,19,7,19,3,0
37053,CURRITUCK,23547,11669,139,125,137,143,134,147,140,132,141,190,169,142,161,163,188,178,188,199,151,131,126,128,116,96,123,104,124,105,91,127,142,116,120,130,118,140,148,164,161,196,170,184,169,188,178,200,221,223,219,202,268,212,220,200,202,187,154,177,146,169,135,133,175,144,106,120,114,131,107,88,93,84,77,62,64,58,41,58,45,36,39,31,27,21,25,22,10,13,14,6,6,7,7,2,1,4,0,0,0,0,1,0,0,11878,119,114,120,137,161,174,147,171,149,169,159,170,146,160,160,190,161,168,130,108,107,121,122,115,110,96,138,120,118,114,126,139,136,146,129,138,137,162,168,170,203,182,181,182,203,203,210,207,230,229,221,224,215,165,206,177,178,184,174,135,154,143,142,159,119,118,122,139,106,104,83,61,89,75,62,60,61,54,38,62,41,42,43,35,37,37,18,25,27,24,23,7,9,11,2,3,3,2,3,0,1,0,0
37055,DARE,33920,16956,154,169,182,217,180,220,201,171,174,186,198,190,185,175,227,173,216,229,186,156,161,170,194,181,177,184,204,222,217,202,228,190,241,208,197,217,203,243,239,223,254,250,261,231,222,253,285,292,286,253,276,267,258,301,326,324,254,246,260,276,261,242,247,292,196,207,171,194,184,129,133,161,133,142,99,98,84,98,100,83,60,50,61,43,47,45,32,20,17,16,18,9,6,4,5,2,1,0,0,0,0,1,0,16964,192,200,177,183,185,202,199,165,193,186,166,174,196,177,173,192,195,190,145,102,118,128,127,155,196,186,178,203,227,212,218,164,209,196,192,208,194,211,186,227,247,228,243,225,233,287,279,273,306,309,312,299,325,265,344,286,281,312,276,309,232,279,248,302,223,212,214,181,175,165,166,135,133,140,97,106,106,92,93,74,94,83,62,67,63,49,45,36,32,19,14,10,13,7,9,5,8,5,2,1,1,0,0
37057,DAVIDSON,162878,79797,948,978,1099,1024,1089,1097,1135,1059,1085,1188,1109,1226,1107,1151,1089,1214,1163,1160,1047,972,869,858,778,789,868,837,865,867,837,912,1027,934,890,958,892,977,1004,1066,1125,1338,1262,1315,1195,1212,1222,1261,1311,1259,1314,1267,1279,1301,1242,1242,1181,1120,1052,1091,984,991,965,1009,1060,1080,762,812,757,803,724,646,649,513,513,514,471,417,411,354,341,305,297,280,213,217,182,162,124,101,107,73,51,41,28,27,23,6,6,6,5,5,5,0,0,83081,936,1038,954,920,989,996,1094,1022,1061,1124,1097,1157,1136,1070,1071,1075,1085,1126,967,847,827,829,846,813,871,872,895,873,921,958,947,943,965,942,925,1068,1054,1070,1308,1339,1280,1277,1219,1280,1180,1348,1317,1308,1382,1299,1315,1186,1272,1188,1188,1178,1128,1108,1087,1008,1104,1074,1170,1121,834,862,862,835,778,714,664,637,667,571,591,589,513,511,455,423,430,420,363,324,305,297,257,214,188,163,148,99,82,66,42,41,21,19,16,8,20,4,0
37059,DAVIE,41240,20136,259,233,238,253,269,253,280,245,281,286,317,303,294,305,307,319,300,308,277,211,196,160,165,160,171,201,165,178,172,191,203,196,223,231,193,250,248,226,288,302,298,288,286,309,305,312,341,309,316,326,307,325,340,314,292,331,285,295,281,263,289,258,291,307,236,239,199,181,204,184,184,157,165,152,134,134,103,111,92,101,67,76,69,70,57,69,38,47,39,29,18,21,12,11,2,2,6,1,0,1,0,0,0,21104,210,212,219,237,222,254,235,266,294,272,293,297,278,265,297,300,270,280,252,206,172,153,159,174,179,172,175,212,201,192,191,225,217,238,250,233,255,273,319,326,343,280,299,285,292,367,351,341,327,330,321,315,356,342,304,328,326,318,309,280,298,242,314,305,202,260,239,249,217,211,190,169,163,169,156,165,142,137,148,128,123,124,131,87,84,97,72,69,71,53,56,36,24,22,20,12,12,6,4,4,4,0,0
37061,DUPLIN,58505,28758,433,404,436,456,438,461,450,465,414,425,444,407,426,401,415,382,403,441,386,377,391,349,359,375,328,366,399,364,333,345,405,351,390,344,384,402,397,387,369,359,402,339,384,355,395,393,399,391,376,423,494,409,376,391,366,405,374,361,357,353,326,357,371,320,306,289,268,245,227,220,195,204,191,165,184,142,138,120,117,113,113,83,87,79,65,42,43,30,37,20,14,15,11,5,6,1,2,0,2,0,1,0,0,29747,443,406,427,435,406,408,375,367,396,414,385,402,417,390,390,375,366,367,355,352,331,323,356,329,356,351,323,385,369,342,370,366,375,385,372,352,356,372,392,427,407,369,361,369,390,376,400,442,419,425,407,436,379,454,424,411,453,375,378,333,349,367,407,376,311,266,288,307,283,238,242,232,215,217,210,217,202,209,172,181,172,142,122,139,103,106,105,81,75,64,52,43,41,30,24,15,9,4,3,5,5,2,0
37063,DURHAM,267587,127656,2140,2195,2039,2021,1803,1772,1625,1634,1579,1728,1689,1540,1527,1450,1460,1509,1566,1536,1949,2446,2265,2215,2167,2221,2178,2330,2221,2394,2423,2501,2674,2425,2274,2133,2168,2126,1872,1986,2018,2038,1947,1711,1727,1627,1532,1716,1635,1719,1569,1600,1514,1514,1590,1531,1544,1483,1420,1414,1339,1308,1336,1243,1203,1190,866,914,757,806,683,633,539,500,491,445,481,425,390,332,310,352,294,276,283,261,194,210,188,176,134,109,78,80,53,37,28,35,18,10,6,4,8,1,0,139931,1976,2071,1900,1922,1748,1677,1679,1648,1683,1538,1505,1496,1433,1412,1430,1354,1452,1584,1993,2563,2426,2279,2410,2443,2628,2687,2637,2662,2794,2695,2651,2520,2381,2270,2116,2164,1960,2003,1982,2118,2030,1786,1774,1665,1696,1753,1841,1814,1919,1835,1765,1822,1888,1802,1761,1736,1770,1730,1686,1568,1450,1454,1423,1458,1039,1006,984,963,814,833,708,667,654,605,574,607,532,547,508,475,482,487,521,475,415,383,410,324,306,277,229,176,144,120,108,68,60,38,22,20,32,1,1
37065,EDGECOMBE,56552,26239,379,380,428,359,397,362,367,342,375,424,396,367,387,394,432,419,405,478,392,347,364,331,324,290,298,269,282,276,313,306,316,288,308,301,285,288,274,269,306,330,326,322,328,321,324,392,367,390,378,362,426,413,388,394,404,428,424,393,391,361,328,355,365,328,270,258,266,241,195,186,199,179,181,150,135,124,137,131,89,109,98,81,66,66,61,44,52,30,31,31,17,10,14,12,5,5,4,2,2,2,0,0,0,30313,331,347,379,344,362,376,381,378,408,356,388,325,363,376,363,430,423,458,360,365,408,383,370,330,361,340,358,395,370,399,370,340,366,299,323,349,324,326,379,383,391,354,350,414,417,446,444,445,472,497,410,502,472,489,459,491,477,449,434,406,404,405,404,381,323,318,307,298,241,260,208,233,260,211,232,206,183,201,152,164,177,144,135,148,122,110,100,77,68,73,69,40,22,42,35,19,13,8,7,4,3,1,0
37067,FORSYTH,350670,166419,2401,2459,2415,2543,2443,2465,2388,2340,2373,2516,2486,2410,2428,2359,2316,2393,2425,2457,2500,2625,2510,2374,2249,2149,2149,2242,2047,2181,2070,2103,2372,2096,2172,2156,2053,2208,2044,2149,2237,2443,2463,2309,2351,2259,2329,2352,2489,2398,2458,2440,2575,2411,2339,2355,2238,2138,2140,2031,2011,1910,1888,1896,1866,1845,1384,1359,1388,1337,1168,1031,987,1015,920,863,866,773,711,669,708,618,608,487,547,455,432,384,321,242,235,181,130,103,76,58,40,29,19,10,6,9,10,3,0,184251,2265,2300,2428,2337,2270,2411,2365,2386,2306,2453,2400,2243,2230,2153,2270,2169,2349,2449,2637,3054,2914,2720,2605,2377,2400,2442,2307,2388,2346,2467,2423,2274,2347,2279,2166,2256,2288,2405,2478,2658,2577,2488,2358,2442,2400,2570,2748,2788,2778,2841,2720,2650,2662,2605,2542,2569,2397,2414,2431,2151,2179,2146,2234,2202,1631,1597,1540,1576,1493,1329,1242,1167,1177,1060,1165,1077,1000,1027,956,938,935,898,886,854,728,643,607,518,447,406,313,283,214,165,113,92,83,58,37,30,55,4,0
37069,FRANKLIN,60619,30166,353,411,422,395,439,386,432,423,426,456,432,402,475,423,426,458,426,456,456,472,427,361,364,293,337,339,313,381,376,341,365,342,363,377,411,401,424,457,431,471,500,426,468,404,439,493,530,494,465,502,474,448,455,439,468,458,406,378,377,357,378,385,351,348,275,282,264,261,205,213,184,177,217,158,161,156,94,134,104,92,89,95,78,76,49,50,41,33,22,17,17,7,8,6,5,3,4,2,1,0,0,0,0,30453,374,394,354,426,413,435,392,388,432,444,414,377,390,422,428,355,383,400,376,314,337,297,297,294,322,283,308,312,345,375,379,344,351,353,349,433,401,407,457,471,461,464,431,451,458,470,472,473,513,500,509,474,470,434,438,485,484,414,395,400,392,414,380,373,299,293,317,323,274,228,235,211,194,182,180,187,143,149,138,135,133,138,116,110,113,78,79,61,80,71,49,37,23,27,29,8,8,7,9,4,4,0,0
37071,GASTON,206086,99718,1313,1287,1349,1356,1406,1384,1347,1345,1364,1390,1548,1387,1419,1430,1439,1449,1513,1482,1464,1396,1271,1247,1113,1180,1212,1133,1107,1226,1175,1185,1273,1183,1195,1233,1280,1283,1331,1508,1548,1587,1598,1505,1477,1536,1506,1615,1569,1544,1529,1534,1588,1423,1468,1428,1448,1430,1336,1290,1280,1229,1232,1142,1265,1219,920,839,854,891,694,755,646,563,580,513,555,567,426,398,356,389,346,274,265,267,212,182,151,131,122,61,59,51,42,33,18,12,7,2,3,3,2,0,0,106368,1252,1292,1259,1399,1274,1277,1268,1297,1290,1405,1423,1392,1389,1312,1356,1325,1385,1438,1358,1256,1187,1244,1252,1180,1249,1253,1121,1257,1256,1292,1345,1247,1324,1293,1289,1428,1455,1575,1670,1708,1671,1533,1579,1552,1523,1588,1642,1591,1564,1622,1532,1521,1517,1564,1582,1472,1353,1369,1472,1335,1336,1288,1391,1405,1069,1005,1021,1032,921,811,807,708,723,697,693,703,584,600,595,536,573,454,486,431,403,351,355,293,259,227,171,118,117,94,76,46,36,32,18,20,29,0,0
37073,GATES,12197,5962,55,56,82,83,79,82,60,69,82,99,71,89,86,103,105,102,100,88,69,79,73,67,52,60,70,64,50,58,54,64,54,48,51,63,66,65,53,67,63,81,91,80,95,97,87,110,109,94,110,95,109,93,106,104,83,115,92,90,62,81,66,79,69,80,68,61,75,56,59,51,64,48,48,22,48,30,33,23,25,20,28,13,31,9,14,19,12,11,12,8,5,8,1,0,0,1,0,0,0,0,0,0,0,6235,65,70,67,70,68,76,70,79,83,72,85,85,74,80,73,87,113,95,84,65,70,69,61,66,66,67,56,58,53,65,71,64,47,59,66,63,70,81,86,91,89,94,83,87,86,108,98,126,128,118,91,120,90,84,96,105,96,77,90,80,74,80,97,84,68,70,70,80,58,35,45,55,52,49,38,36,31,41,28,32,32,34,30,28,22,15,18,15,20,13,16,9,6,3,3,4,3,1,0,0,4,0,0
37075,GRAHAM,8861,4367,48,48,62,66,65,66,48,54,42,68,72,67,39,65,54,51,57,43,49,44,44,59,34,42,45,32,39,36,58,52,44,45,49,54,40,53,52,48,47,58,53,50,55,43,79,80,43,60,76,55,63,56,71,59,65,65,62,58,52,51,76,73,78,56,47,53,64,87,49,39,50,41,31,34,37,37,36,23,24,30,20,18,23,11,22,15,8,6,16,7,5,2,3,3,1,1,0,5,1,0,0,0,0,4494,45,35,50,48,41,58,50,54,54,56,51,39,52,54,45,61,50,55,49,63,46,55,34,42,48,54,51,39,44,41,43,65,53,33,44,36,40,53,43,57,64,57,45,47,58,78,60,58,63,61,88,60,59,57,71,80,65,63,52,69,78,58,81,79,72,44,62,64,43,51,62,49,40,42,46,55,33,39,31,30,25,33,27,17,12,20,22,16,14,13,13,4,5,6,10,3,4,1,3,0,1,0,0
37077,GRANVILLE,59916,32015,322,329,338,373,401,362,418,405,375,370,414,376,392,398,395,392,451,487,388,626,762,437,309,291,334,334,307,349,378,443,458,385,424,437,476,506,450,499,567,507,551,611,553,541,515,538,585,518,554,552,554,521,513,488,481,447,467,385,384,380,430,412,387,377,304,303,301,271,215,216,190,194,179,148,135,140,162,112,85,82,89,75,68,67,59,52,40,31,19,25,10,11,6,7,2,2,1,3,1,0,1,0,0,27901,324,298,307,360,334,348,315,353,366,356,384,367,345,338,376,361,406,397,382,296,285,242,252,265,251,292,286,297,290,323,306,327,345,355,373,353,379,370,427,455,445,420,439,414,457,472,497,433,410,433,492,449,446,446,397,397,384,381,386,373,379,376,320,362,268,282,255,265,243,214,199,219,175,198,173,163,155,151,156,140,136,124,112,93,103,94,85,60,56,61,61,43,24,19,26,12,11,12,2,5,12,0,0
37079,GREENE,21362,11457,145,118,148,148,147,133,141,131,147,169,137,157,130,144,120,132,141,151,134,124,133,149,165,197,165,177,169,186,164,208,206,199,188,170,200,218,178,176,171,184,171,175,161,152,165,180,177,172,171,206,202,184,154,188,149,158,168,156,129,143,117,126,131,122,90,96,110,91,76,52,57,58,57,53,52,57,38,45,33,32,34,35,19,18,14,20,22,8,11,4,6,3,2,0,4,0,0,0,0,0,3,0,0,9905,148,127,134,146,126,148,119,117,133,124,157,149,139,149,116,110,139,132,141,113,121,99,113,97,84,121,105,106,118,104,121,108,113,124,144,124,131,117,136,111,121,94,144,101,120,137,147,157,145,132,158,159,147,165,167,153,155,138,132,131,142,103,120,112,106,92,80,72,83,75,84,91,67,73,65,63,53,62,61,51,54,64,45,34,46,51,28,28,20,22,27,13,8,15,5,8,5,4,1,0,5,0,0
37081,GUILFORD,488406,232483,3086,3037,3182,3240,3150,3179,3179,3198,3256,3369,3380,3210,3299,3178,3404,3303,3440,3406,3876,4262,4029,3946,3549,3504,3362,3275,3131,3194,3228,3226,3244,2924,2989,2932,2811,3028,2839,3030,3304,3489,3713,3242,3215,3154,3276,3442,3380,3355,3346,3431,3418,3350,3183,3207,3040,2938,2948,2841,2615,2647,2602,2523,2529,2537,1933,1893,1851,1817,1539,1413,1364,1244,1214,1080,1142,1041,915,899,884,805,772,785,667,621,531,472,436,332,317,225,186,145,120,66,60,44,21,23,12,4,10,0,0,255923,2849,3015,3052,3008,3020,3119,3066,3164,3049,3222,3244,3140,3143,3096,3140,3191,3130,3339,4384,4959,4690,4626,4355,3928,3653,3587,3288,3508,3362,3361,3374,3298,3280,3143,3171,3280,3227,3317,3496,3823,3837,3465,3453,3392,3468,3759,3672,3681,3604,3637,3701,3624,3448,3543,3376,3346,3294,3177,3072,3031,3021,2927,2962,2881,2282,2146,2103,2230,1851,1775,1654,1570,1512,1422,1381,1453,1242,1287,1257,1192,1227,1129,1086,1015,953,867,782,758,670,545,476,344,287,229,191,157,119,112,40,46,60,4,1
37083,HALIFAX,54691,26137,315,313,327,342,352,340,351,356,325,345,364,382,376,332,357,388,415,454,444,327,379,301,298,285,302,339,265,301,277,311,270,287,300,269,268,290,286,286,330,329,343,333,337,359,381,387,422,374,435,408,438,409,401,411,399,361,390,414,370,380,379,330,360,341,267,230,258,250,260,208,199,205,179,162,170,169,146,125,119,98,109,94,99,103,69,60,52,32,30,28,21,16,13,5,7,2,3,3,2,1,3,0,0,28554,306,308,357,324,319,314,309,341,377,390,330,321,341,333,327,372,427,388,371,332,341,295,293,310,300,320,314,309,311,300,330,287,257,281,275,274,317,329,321,353,352,341,363,326,397,441,450,420,455,449,441,475,408,422,480,455,449,443,392,380,430,411,376,387,301,305,277,340,266,270,256,256,236,215,242,232,190,190,186,190,183,202,164,135,164,136,132,90,92,83,52,48,44,33,27,18,13,15,8,3,11,2,0
37085,HARNETT,114678,56199,898,977,933,981,932,960,905,936,909,920,934,908,880,854,856,812,836,877,874,905,802,827,775,724,805,738,749,787,825,806,840,767,820,857,749,820,789,825,908,919,883,818,743,752,781,846,786,735,755,743,802,731,708,648,724,648,591,557,586,558,548,525,538,516,404,412,406,401,329,363,325,310,251,259,246,211,182,181,143,159,130,135,93,99,77,82,52,46,49,39,29,13,2,10,3,5,7,1,1,1,2,0,0,58479,849,918,922,958,936,860,916,844,883,867,886,847,811,813,837,784,780,808,872,992,913,823,782,782,742,837,821,875,811,831,899,839,851,808,782,861,817,838,868,848,856,816,747,738,821,795,794,805,739,732,788,722,741,703,640,700,693,654,616,596,572,567,630,640,470,425,452,441,437,395,360,331,323,294,303,324,286,250,232,228,221,210,215,142,154,158,138,112,80,79,87,55,54,33,21,12,10,11,7,2,11,0,0
37087,HAYWOOD,59036,28502,290,282,330,273,302,310,324,332,314,338,361,352,338,334,344,349,382,385,372,317,329,305,263,270,286,269,286,305,306,282,280,270,303,305,305,321,322,371,392,387,382,365,361,365,403,477,403,414,409,447,406,424,440,425,381,388,438,417,398,411,462,443,426,455,355,387,362,388,353,313,327,279,292,282,259,213,258,196,186,162,156,152,161,123,86,89,89,76,59,61,32,27,17,8,6,8,4,3,2,3,2,0,0,30534,275,284,297,307,265,295,288,296,318,303,318,328,333,308,336,354,331,359,308,272,233,295,302,274,267,295,291,276,247,282,293,316,302,322,276,346,330,357,402,386,382,403,392,429,399,449,448,460,469,469,461,438,482,459,463,460,448,428,494,431,453,461,538,517,439,400,439,397,415,388,347,341,352,331,303,285,243,270,272,248,210,197,218,187,186,145,144,145,109,115,66,67,44,32,32,22,19,7,7,3,8,1,0
37089,HENDERSON,106740,51560,605,610,624,629,610,567,657,669,614,667,666,578,625,640,614,621,599,619,552,489,489,468,458,516,498,491,574,587,557,563,593,553,575,597,570,644,598,609,702,690,670,733,686,652,625,668,707,699,718,682,775,673,754,707,719,761,702,699,666,689,656,748,764,792,625,610,614,670,607,580,579,542,463,441,472,486,433,413,420,381,369,318,296,296,253,211,176,175,152,101,97,61,52,37,28,27,17,8,7,5,5,1,0,55180,548,576,595,597,619,597,571,645,639,586,643,617,664,557,568,539,576,608,489,441,419,394,406,453,528,515,550,526,529,575,572,569,584,572,574,594,598,663,654,721,668,647,625,653,626,759,743,752,758,766,789,784,787,754,833,757,738,791,828,804,854,816,919,893,703,820,799,856,768,706,617,623,565,579,567,550,444,522,462,479,439,395,423,382,370,363,283,287,247,212,129,136,128,87,70,45,34,31,17,12,15,0,0
37091,HERTFORD,24669,12062,127,118,161,132,190,160,139,142,130,155,149,157,128,133,147,153,150,161,257,284,182,165,147,133,130,168,150,167,143,155,161,137,140,152,142,147,135,143,163,163,158,154,129,166,191,187,193,161,166,176,218,167,207,225,150,218,185,180,170,190,155,164,135,118,134,119,136,116,99,81,95,82,91,81,65,59,64,52,49,41,45,40,42,40,23,21,40,21,16,13,9,12,4,3,1,6,1,1,0,0,1,0,0,12607,135,140,132,139,141,148,151,134,140,145,131,137,144,128,141,155,169,155,226,239,219,168,147,139,135,131,128,132,155,140,143,107,143,117,122,140,110,133,137,148,146,132,164,130,173,155,187,192,197,186,204,180,189,227,203,230,220,208,187,153,154,179,166,152,140,136,125,151,130,92,127,99,111,98,124,84,95,105,85,80,64,89,64,75,71,40,51,35,42,37,25,21,20,11,11,7,7,6,0,4,5,2,0
37093,HOKE,46952,22878,471,452,431,487,465,456,417,433,403,391,402,390,384,335,321,334,303,330,292,272,247,272,267,306,352,414,400,420,452,448,446,430,402,365,359,351,324,385,351,357,320,289,274,269,286,299,294,312,282,278,284,295,264,288,244,240,242,237,223,204,208,175,190,169,124,137,122,133,117,88,91,80,87,70,57,57,51,73,39,36,45,49,20,31,18,11,12,8,13,1,4,2,4,8,1,4,2,0,0,0,0,0,0,24074,520,430,483,438,399,414,372,383,371,433,394,397,332,336,346,296,316,320,282,260,303,289,299,332,400,418,449,450,420,464,447,428,441,384,366,391,372,361,366,352,308,318,265,320,311,316,306,309,323,322,297,310,302,300,294,264,269,259,233,216,191,212,210,192,161,134,119,138,121,112,109,121,79,99,103,94,67,73,71,62,51,59,49,56,35,41,37,30,33,25,25,18,15,9,8,4,7,3,2,2,1,0,0
37095,HYDE,5810,3226,32,26,36,34,27,34,17,33,30,37,25,29,39,25,39,31,31,29,30,14,24,39,33,42,64,64,54,67,62,52,71,63,65,59,50,58,54,55,67,52,39,55,46,47,43,44,54,56,38,51,54,49,47,51,44,47,58,49,64,41,43,32,41,41,21,27,37,30,22,27,21,24,24,17,11,8,12,12,21,13,12,8,7,8,6,9,3,3,4,3,3,0,4,1,0,0,0,0,0,0,1,0,0,2584,19,24,31,33,31,29,22,38,26,31,23,24,28,35,36,19,37,36,40,21,24,17,17,26,18,22,23,21,32,37,34,24,23,19,28,29,30,36,32,35,43,30,34,23,33,21,34,41,34,41,40,44,32,45,53,56,53,49,44,36,44,40,33,37,37,34,24,27,23,19,23,16,21,26,31,25,22,24,22,11,12,16,13,10,9,10,9,7,13,8,11,10,6,2,5,2,2,1,0,2,1,0,0
37097,IREDELL,159437,78491,974,990,1042,1046,1143,1057,1097,1161,1199,1231,1237,1289,1187,1226,1213,1221,1251,1233,1176,1100,976,810,904,881,867,865,918,823,852,906,904,846,914,918,933,951,1076,1036,1238,1326,1253,1180,1236,1183,1274,1277,1351,1338,1309,1228,1301,1174,1200,1091,1070,1073,1014,957,945,924,906,850,983,888,644,696,691,719,595,564,495,460,452,440,420,403,350,303,287,248,277,259,208,182,171,136,104,90,66,58,49,34,27,11,8,3,5,4,5,2,3,0,0,80946,867,898,949,973,1093,1055,1107,1114,1124,1222,1203,1130,1170,1121,1174,1159,1240,1189,962,830,800,742,741,830,805,830,888,903,977,972,920,883,982,937,987,1019,1076,1121,1256,1371,1272,1243,1182,1272,1301,1360,1411,1320,1306,1360,1291,1240,1247,1103,1110,1078,967,1014,1005,902,988,969,997,1067,701,755,752,789,697,616,597,566,578,490,528,524,422,450,373,357,411,347,305,303,266,255,224,218,178,152,111,89,66,61,46,22,20,19,10,8,14,1,0
37099,JACKSON,40271,20043,205,200,185,230,225,197,213,235,219,199,230,220,196,210,188,169,204,230,500,749,645,662,629,438,314,343,281,275,252,248,224,210,221,181,188,202,201,253,243,245,220,216,196,229,239,206,266,205,227,248,272,222,218,305,261,243,219,229,266,241,247,266,309,273,221,223,227,201,177,248,157,154,130,121,114,119,95,80,102,87,78,64,68,43,59,48,19,30,21,27,11,8,7,11,2,4,2,2,1,0,0,0,0,20228,189,210,185,187,219,189,163,181,186,193,205,180,181,159,182,155,195,209,597,811,733,645,461,341,331,290,221,214,214,236,193,235,232,212,167,215,205,176,185,236,224,203,227,200,210,236,223,248,250,243,301,246,242,254,280,288,298,272,261,263,304,280,266,335,212,230,242,242,205,195,162,193,169,142,142,152,131,131,110,99,91,95,82,75,51,42,62,58,38,46,33,27,29,21,13,11,5,6,6,5,2,1,0
37101,JOHNSTON,168878,83150,1232,1299,1264,1375,1352,1397,1442,1349,1414,1432,1398,1429,1397,1281,1319,1287,1186,1249,1129,974,979,841,802,846,908,919,936,1009,995,1090,1087,1046,1213,1212,1209,1232,1267,1373,1464,1558,1431,1355,1368,1373,1300,1364,1380,1352,1236,1249,1210,1125,1103,1040,992,954,984,964,962,834,840,809,901,868,690,666,628,633,514,472,471,416,426,340,339,300,257,210,225,205,183,172,161,122,101,84,76,66,65,42,27,24,15,11,8,4,2,2,3,3,2,0,0,85728,1142,1322,1240,1336,1283,1260,1353,1291,1291,1315,1374,1313,1258,1208,1256,1277,1172,1177,1107,841,824,773,772,821,894,894,931,1031,996,1040,1109,1155,1239,1258,1245,1249,1280,1381,1502,1559,1567,1465,1337,1330,1268,1340,1351,1327,1268,1250,1233,1154,1132,1084,1097,1087,1052,1101,977,929,959,967,992,928,780,746,741,633,622,564,532,503,487,434,425,410,318,326,354,318,287,307,283,252,212,188,204,151,142,131,87,72,70,53,34,34,19,21,9,5,10,0,0
37103,JONES,10153,4883,55,52,58,66,68,61,58,49,46,57,79,62,58,60,56,52,71,75,68,73,60,50,60,56,51,66,48,68,53,61,45,45,50,52,45,39,55,44,62,61,62,47,47,69,54,74,73,78,81,71,64,75,89,79,111,88,87,78,69,66,63,77,88,66,65,57,53,46,47,44,49,38,31,46,47,45,35,26,21,21,24,25,19,16,12,13,11,10,11,7,4,2,1,0,2,3,1,0,0,0,0,0,0,5270,69,62,67,57,64,50,60,61,53,67,71,60,65,63,52,56,69,79,55,42,66,52,64,60,74,51,41,68,53,41,39,70,55,41,43,50,40,55,55,53,55,66,67,62,67,78,78,81,97,89,81,86,89,80,109,101,91,82,86,72,68,72,89,83,59,59,58,54,68,52,49,35,45,49,48,46,23,29,40,34,28,32,35,31,26,22,26,20,15,15,12,13,4,7,7,3,3,0,1,0,0,0,0
37105,LEE,57866,28264,415,415,403,467,422,406,428,402,427,420,458,438,362,420,405,411,432,414,400,376,343,336,320,380,364,360,329,383,392,386,393,352,378,371,361,409,331,331,375,455,457,381,374,355,372,457,404,402,416,405,369,395,388,388,398,384,353,376,320,338,285,334,343,325,246,246,267,258,216,202,184,169,173,141,122,149,127,138,113,127,88,91,89,75,63,52,49,42,40,27,30,12,12,8,6,5,4,3,0,1,0,0,0,29602,412,440,414,432,401,387,434,369,404,378,452,399,407,416,368,402,379,421,316,332,340,325,317,353,339,347,377,417,355,381,409,416,385,354,359,398,334,395,401,439,420,357,360,403,370,444,388,442,381,432,429,401,388,420,420,395,375,375,346,346,361,339,354,347,297,270,249,303,280,249,220,188,234,200,190,195,157,177,172,155,147,132,144,135,104,113,114,90,80,67,43,49,37,19,24,27,13,9,8,7,7,0,0
37107,LENOIR,59495,28397,366,350,352,395,396,421,399,392,403,418,416,435,403,405,428,464,511,502,413,402,357,324,320,319,307,327,272,315,340,355,359,274,317,311,310,327,315,308,316,384,324,343,348,334,353,421,420,460,423,409,453,427,465,429,440,456,417,395,419,359,371,375,377,336,310,286,250,276,229,230,214,195,173,197,198,175,155,140,140,122,128,104,123,79,87,71,62,35,30,25,32,18,11,7,7,2,1,1,0,2,0,0,0,31098,353,365,402,380,441,373,302,351,355,388,379,424,378,383,370,413,416,403,366,334,309,326,300,338,343,343,318,361,313,351,336,324,335,344,328,362,335,334,340,406,351,376,355,381,414,431,458,464,485,444,519,494,486,518,496,526,480,465,418,425,440,406,454,436,345,376,310,330,287,299,293,281,267,241,244,250,239,208,228,206,200,185,165,160,161,132,110,96,97,70,68,46,41,41,25,16,5,12,13,3,4,0,0
37109,LINCOLN,78265,38813,430,479,437,527,477,527,550,516,545,554,561,531,536,557,568,560,586,628,494,461,410,411,412,418,390,401,392,417,384,427,418,438,439,432,432,506,525,531,632,668,647,629,593,613,656,722,677,621,677,658,634,598,610,583,534,587,557,499,510,511,507,499,539,564,349,381,412,372,363,339,287,264,240,205,205,183,179,149,156,123,137,101,96,74,93,56,51,33,34,33,12,17,14,6,7,3,1,5,0,0,1,0,0,39452,438,468,448,473,440,463,518,466,494,557,518,488,528,517,549,559,491,497,491,429,393,390,416,355,364,432,376,386,390,403,420,443,485,490,485,503,464,578,659,689,658,589,605,629,607,648,611,678,671,658,596,688,586,589,620,591,552,534,543,533,498,497,574,607,408,403,402,389,368,331,322,278,270,252,262,225,215,198,201,167,181,161,152,140,127,120,111,72,90,61,59,37,37,33,19,19,8,7,2,3,7,0,0
37111,MCDOWELL,44996,22517,245,284,280,267,282,288,280,236,282,289,308,324,256,289,305,278,293,275,303,235,226,231,233,244,251,232,263,303,312,279,282,288,264,284,279,318,327,323,336,338,348,307,344,332,320,326,317,324,331,346,366,327,338,329,354,304,314,319,358,284,313,308,319,298,224,262,221,248,213,201,204,189,173,169,148,139,130,118,90,87,95,85,87,93,56,47,47,29,39,21,21,8,13,8,4,0,1,8,0,1,0,0,0,22479,217,235,248,283,255,217,240,284,267,258,307,270,253,305,259,273,272,281,250,225,224,225,204,226,238,233,179,226,249,227,264,264,274,250,252,288,295,296,282,319,341,288,298,289,347,338,278,310,371,339,366,303,350,334,358,335,344,325,357,305,293,341,330,306,297,236,264,268,216,213,214,191,209,168,178,187,159,141,144,143,133,121,117,110,96,91,88,76,62,61,60,38,29,34,17,17,8,13,12,1,7,0,0
37113,MACON,33922,16495,165,181,194,186,176,163,190,163,172,198,193,207,211,173,175,193,200,209,235,190,179,184,177,192,192,162,179,180,156,160,165,171,167,147,145,179,156,168,143,200,206,204,184,178,181,199,194,223,241,202,246,244,244,223,228,230,229,235,282,263,241,266,253,297,210,248,282,235,208,189,220,215,171,140,193,163,165,150,129,139,122,100,89,76,61,73,56,45,36,25,14,21,13,12,11,3,7,1,1,2,0,1,0,17427,162,154,179,185,168,175,159,175,157,172,193,183,178,186,171,193,171,224,188,154,155,147,138,170,167,164,163,151,167,187,164,148,145,139,120,163,177,150,184,203,163,163,172,180,188,255,214,227,250,250,279,266,219,228,249,290,268,292,330,250,296,300,308,313,295,286,251,301,251,244,230,207,220,216,170,201,162,170,147,168,126,137,126,114,88,108,97,82,83,54,35,41,36,31,17,20,9,8,7,4,6,0,0
37115,MADISON,20764,10273,100,96,103,115,92,106,136,117,141,142,129,128,136,125,137,122,125,118,154,225,155,182,145,107,95,88,86,88,93,105,100,114,109,139,102,121,129,113,147,116,135,132,152,127,134,135,157,146,149,175,151,139,179,157,139,159,168,173,154,146,145,164,158,158,123,131,121,136,95,117,82,77,86,82,73,64,62,66,57,58,33,43,40,46,36,29,26,21,8,12,8,12,3,3,2,3,1,0,2,1,1,0,0,10491,76,79,91,89,98,95,129,101,128,125,118,119,102,131,110,112,118,103,144,214,170,130,134,104,73,80,94,113,90,96,126,114,119,118,105,128,112,132,147,142,134,112,138,153,143,129,147,136,168,149,162,166,152,163,167,181,188,169,168,148,147,174,162,179,118,121,131,120,115,113,93,116,84,79,98,78,64,88,70,52,68,58,62,46,47,40,40,33,38,28,33,22,27,12,11,13,8,10,3,5,3,0,0
37117,MARTIN,24505,11433,119,129,135,168,154,130,146,144,138,147,151,156,133,165,164,169,168,190,178,147,115,118,129,118,115,108,117,114,106,106,102,99,123,112,95,106,138,125,120,140,136,142,149,141,141,171,178,150,164,175,204,197,194,210,209,187,192,193,175,183,171,178,183,171,153,137,136,134,112,100,104,100,86,80,97,77,75,65,68,55,42,38,32,39,28,22,31,25,16,14,16,8,1,3,2,0,1,1,2,0,2,0,0,13072,127,159,130,134,145,156,154,125,165,162,165,185,148,133,145,142,174,180,160,138,148,114,129,118,147,136,99,123,141,130,136,106,135,119,136,117,141,151,155,176,174,166,147,171,182,185,181,200,173,191,186,213,198,237,244,198,246,215,201,175,199,208,181,204,165,151,172,157,127,113,102,140,116,123,130,105,107,106,90,80,98,85,72,73,70,36,54,41,36,50,15,23,14,19,10,7,10,8,3,1,4,0,0
37119,MECKLENBURG,919628,444881,7002,7055,6978,7017,6930,6835,6806,6616,6669,6735,6593,6403,6313,6241,6095,6189,6142,6222,6340,5928,5863,5958,6052,6616,7188,7555,7465,7805,7673,7872,7820,7330,7418,7220,7033,7317,6838,7228,7453,7844,7585,7166,6614,6528,6536,6618,6598,6502,6392,6335,6267,5847,5861,5484,5231,5075,4737,4503,4387,4176,4069,3988,4063,3822,2872,2741,2649,2625,2265,2089,1864,1662,1567,1418,1361,1351,1146,1194,1068,1004,934,780,811,723,657,593,501,434,382,275,225,179,141,96,59,63,41,23,21,12,13,0,1,474747,6677,6706,6779,6694,6632,6576,6557,6369,6479,6573,6519,6306,6049,5916,5736,5860,5948,6121,5999,6138,5962,5993,6347,6753,7365,7682,7741,8258,8178,7986,8115,7809,7810,7742,7658,7753,7459,7555,7818,8246,7840,7292,6962,6942,6744,7098,7011,7005,6788,6658,6702,6359,6301,6102,5826,5713,5615,5205,5050,4888,4769,4529,4718,4368,3253,3446,3222,3014,2810,2462,2240,2098,2094,1956,1976,1776,1737,1663,1578,1567,1502,1448,1475,1351,1200,1261,1059,906,876,752,587,481,404,345,230,186,147,85,51,50,100,10,0
37121,MITCHELL,15579,7600,74,86,78,69,79,69,75,93,96,91,82,102,89,101,87,100,104,93,93,72,77,82,71,86,81,75,73,70,75,72,81,86,92,72,95,84,91,92,99,98,106,118,105,103,99,94,108,121,111,112,106,121,110,127,121,119,109,124,134,95,92,119,110,114,106,113,99,95,98,97,100,93,71,61,74,59,54,32,43,44,47,38,41,31,34,24,13,17,11,9,12,5,1,3,4,4,2,0,1,0,1,0,0,7979,64,72,84,88,75,85,77,83,87,77,98,81,75,68,87,79,77,110,72,71,88,78,73,59,72,78,73,96,70,72,86,71,95,91,73,84,75,79,87,85,102,104,89,108,126,118,112,116,118,122,126,123,124,145,122,143,114,120,129,136,106,104,112,139,97,146,101,114,87,84,94,79,72,73,92,71,72,72,64,60,68,59,55,52,45,37,44,36,37,24,19,7,26,12,8,9,4,1,0,3,2,0,0
37123,MONTGOMERY,27798,13458,151,167,181,198,167,152,180,194,179,233,221,196,184,151,207,227,210,204,177,173,164,175,134,155,138,148,144,151,137,152,174,149,176,164,165,136,178,170,152,174,164,192,163,165,179,196,178,190,195,193,211,179,201,201,217,201,177,170,199,180,191,199,181,226,135,125,160,161,139,121,113,102,96,82,86,81,59,59,78,51,52,49,50,46,26,35,23,24,17,14,14,8,5,6,4,0,0,0,1,0,0,0,0,14340,158,170,182,168,187,188,193,172,207,196,170,188,182,200,184,187,205,207,139,133,150,144,153,149,152,159,179,160,159,182,177,150,157,172,157,174,181,183,182,207,195,169,191,183,189,194,205,199,174,203,207,201,216,197,207,222,221,182,201,173,218,186,225,212,150,150,163,158,153,130,120,118,112,88,84,122,86,79,97,71,79,63,83,61,62,63,50,54,41,39,41,31,16,23,10,9,10,3,4,3,1,0,0
37125,MOORE,88247,42176,455,479,561,540,524,530,577,516,536,574,600,566,565,531,548,552,589,575,489,410,388,379,382,363,378,388,445,418,463,431,465,471,420,438,429,503,437,465,538,548,522,493,521,509,530,546,547,597,603,570,569,573,585,531,554,567,504,547,531,519,549,578,648,635,490,512,572,582,508,483,427,415,410,398,399,396,343,373,337,329,298,301,278,270,237,202,171,147,131,94,67,51,47,32,32,21,16,3,3,1,4,1,1,46071,479,501,510,497,498,521,513,511,529,539,541,566,531,495,539,517,521,523,465,367,367,340,388,354,404,447,418,473,491,437,530,432,461,485,467,529,522,537,548,564,540,591,549,531,566,615,628,621,618,638,647,620,640,611,632,649,628,653,690,585,647,654,745,751,571,632,640,635,563,549,499,512,493,395,458,452,400,377,409,394,378,407,349,326,292,307,274,261,209,189,139,118,89,84,70,67,30,31,18,20,25,3,0
37127,NASH,95840,46275,593,576,580,625,607,617,621,622,714,640,718,681,642,690,635,681,734,707,677,640,640,528,546,512,507,472,510,534,552,528,573,559,553,528,572,576,568,617,651,654,690,602,633,633,648,699,708,726,792,746,699,695,732,730,691,664,665,655,639,594,625,611,590,601,491,471,480,408,348,339,322,302,260,261,251,198,211,178,200,169,166,160,140,136,97,94,77,53,55,49,30,22,14,13,9,7,4,4,4,2,2,0,0,49565,574,553,596,565,608,623,572,554,624,655,648,653,638,628,702,700,674,685,642,535,523,542,543,558,498,470,532,557,595,545,599,540,587,603,597,617,606,616,664,665,665,672,621,691,722,771,760,779,768,811,772,734,713,742,758,789,729,721,730,674,724,639,724,657,456,455,501,501,426,384,401,378,360,308,318,327,306,292,252,278,258,251,241,241,224,203,167,140,146,108,92,79,47,50,40,27,28,5,8,10,4,1,0
37129,NEW HANOVER,202667,98269,1169,1172,1233,1212,1200,1145,1167,1132,1156,1153,1158,1138,1041,1101,1112,1141,1166,1130,1346,1812,1972,1909,1861,1739,1625,1709,1650,1688,1586,1586,1437,1508,1463,1233,1305,1341,1274,1338,1440,1551,1406,1375,1266,1255,1197,1328,1387,1384,1357,1302,1280,1250,1269,1250,1227,1331,1250,1227,1171,1134,1150,1140,1158,1220,922,953,937,917,752,712,633,628,593,522,521,536,429,436,381,385,353,334,305,277,242,211,180,153,125,125,82,53,42,37,33,17,10,9,5,2,4,0,0,104398,1150,1175,1127,1132,1154,1122,1140,1061,1043,1070,1120,1029,1050,1088,1016,1104,1044,1062,1601,2130,2145,2084,1879,1598,1644,1585,1622,1576,1502,1441,1424,1326,1360,1322,1240,1303,1233,1323,1372,1496,1500,1320,1299,1273,1268,1361,1396,1390,1413,1424,1526,1437,1513,1349,1442,1449,1439,1393,1392,1385,1226,1318,1385,1391,1058,1108,1058,1077,895,812,747,763,689,622,644,633,573,612,502,512,492,496,477,445,416,372,311,357,299,255,239,174,156,108,90,69,53,38,28,16,17,2,1
37131,NORTHAMPTON,22099,10714,119,113,129,127,146,138,138,106,117,127,150,113,135,130,121,150,173,174,153,129,136,125,120,134,114,102,113,109,118,132,117,85,99,106,114,103,117,123,142,124,130,113,128,115,162,166,145,147,168,164,173,140,205,193,168,174,194,148,157,159,140,180,166,164,127,150,137,147,117,98,110,119,85,74,67,88,67,48,69,51,54,34,38,35,28,36,23,15,25,9,10,4,10,7,6,2,0,2,1,1,0,0,0,11385,116,115,98,121,113,125,115,102,121,121,121,127,131,114,147,129,130,148,126,118,135,114,99,99,112,87,115,121,99,102,115,81,87,99,118,101,92,109,116,126,130,124,119,147,152,147,204,179,160,145,212,194,188,191,186,194,179,198,162,181,145,175,175,181,183,151,163,132,139,137,129,120,105,113,100,111,107,106,82,97,96,89,77,76,76,70,50,40,39,31,35,21,19,8,10,14,5,11,1,6,3,0,0
37133,ONSLOW,177772,95349,2138,1819,1800,1608,1391,1332,1236,1200,1172,1149,1140,1099,1049,1003,1006,1002,929,951,1874,3701,4599,5215,4814,3896,3100,2596,2153,1841,1617,1464,1331,1178,1189,1152,1052,1025,993,993,992,926,870,824,804,835,791,905,932,807,896,894,839,857,880,854,779,768,675,641,661,653,574,560,602,585,438,406,407,415,404,381,327,317,286,327,307,252,222,201,205,188,213,166,127,91,90,84,65,51,47,33,14,25,16,8,4,5,5,5,2,2,2,0,0,82423,1962,1720,1637,1536,1380,1293,1199,1091,1117,1032,1083,1053,1034,962,958,967,940,950,1128,1614,2232,2248,2276,2184,1981,1758,1652,1586,1401,1357,1317,1175,1120,1108,949,1001,1010,989,1026,1056,958,883,846,918,892,908,1007,1005,992,938,919,949,959,870,868,847,775,787,729,660,688,638,651,608,484,504,506,471,462,435,454,409,375,361,389,324,297,277,268,238,226,191,187,174,182,145,145,86,105,87,64,45,35,38,20,13,17,12,7,5,8,0,0
37135,ORANGE,133801,63954,629,672,710,694,791,808,817,854,790,838,792,821,831,848,805,866,858,864,1318,1975,1890,1924,1676,1143,1097,1022,975,923,843,823,882,796,821,733,745,767,737,767,854,821,886,866,832,870,899,867,960,918,847,919,869,893,883,869,823,871,876,800,810,739,767,659,680,668,514,492,478,457,399,328,325,281,258,235,230,212,184,171,197,164,170,122,137,111,95,85,96,72,84,38,34,31,23,6,14,5,5,5,1,1,2,0,1,69847,605,652,691,694,752,729,744,798,815,792,790,800,799,822,747,788,829,834,1701,2450,2495,2493,1896,1208,1144,1096,1000,940,895,917,856,812,761,712,777,785,806,787,830,944,998,909,937,858,905,999,1025,955,956,998,1052,1007,995,995,971,946,910,952,875,812,739,711,736,716,564,539,498,510,425,406,363,354,325,309,294,270,243,267,209,240,228,218,181,199,175,184,174,116,120,88,92,84,60,45,27,20,28,19,11,6,11,2,0
37137,PAMLICO,13144,6710,59,40,63,60,64,64,68,50,71,45,74,75,75,79,57,84,64,67,72,70,51,76,77,78,84,86,79,85,71,58,74,66,70,82,77,70,69,74,82,93,83,82,84,85,72,89,91,95,106,117,113,126,96,99,106,116,88,114,101,100,112,131,133,118,99,74,102,104,80,99,93,72,87,45,62,53,65,56,52,47,41,36,45,32,18,23,23,11,6,5,11,2,3,3,0,0,0,0,0,1,0,0,0,6434,65,58,63,74,53,68,61,65,66,56,81,51,73,73,64,79,77,68,73,56,64,49,50,42,67,47,58,61,64,54,51,49,48,54,51,48,62,57,65,85,64,66,49,57,74,77,82,110,109,100,106,116,99,110,104,111,120,104,125,121,124,111,115,127,97,88,101,105,85,72,76,85,74,81,70,63,63,67,51,36,55,41,44,36,28,31,22,19,16,16,18,6,12,11,7,9,6,2,2,4,4,0,0
37139,PASQUOTANK,40661,19969,272,272,296,292,264,258,259,286,237,291,244,263,244,214,251,257,266,269,370,462,388,366,367,332,293,297,288,295,278,285,294,253,239,247,221,260,240,246,273,246,264,280,245,238,262,287,249,307,322,332,279,285,287,273,259,279,258,214,181,233,222,207,243,214,181,160,167,179,133,120,110,137,112,109,111,83,88,90,67,69,78,57,63,69,52,50,42,28,29,26,15,12,5,7,7,7,3,2,3,2,1,0,0,20692,242,266,262,257,270,271,230,222,250,253,247,252,250,219,233,236,250,254,382,463,468,409,306,297,263,231,252,262,264,249,297,235,281,211,245,209,219,224,255,268,256,239,233,233,268,289,300,298,273,300,317,309,288,323,325,283,273,248,273,246,247,227,236,238,196,234,200,210,153,160,163,144,151,110,100,112,108,134,117,114,110,123,103,95,81,77,70,74,55,35,45,22,25,20,18,15,11,8,6,8,8,1,0
37141,PENDER,52217,26134,309,296,338,310,288,328,298,335,345,357,322,328,362,324,347,345,363,424,381,336,279,289,289,302,316,320,249,304,307,297,328,283,283,314,352,353,342,317,349,395,396,363,355,388,357,400,382,414,439,392,423,449,398,380,413,410,364,360,354,328,365,330,384,369,299,330,308,287,235,214,214,211,185,134,172,174,123,126,126,105,95,85,89,81,54,53,50,33,41,25,21,9,17,6,6,4,0,2,1,0,2,0,0,26083,302,294,305,325,297,291,286,301,371,347,344,356,358,319,334,324,347,369,307,271,257,272,243,258,269,246,250,271,280,314,322,276,302,309,279,276,318,358,344,384,379,379,339,351,353,383,433,404,392,415,401,413,395,398,425,393,388,373,382,354,362,360,381,373,313,308,273,313,249,247,235,193,199,186,192,170,174,167,134,151,146,116,117,89,79,78,64,70,59,45,46,40,32,28,14,12,10,9,6,7,8,2,0
37143,PERQUIMANS,13453,6446,60,75,78,75,83,61,72,66,70,74,93,85,83,76,67,76,96,85,71,70,76,65,64,64,52,55,56,62,80,73,63,73,69,56,66,53,64,81,53,57,68,78,71,79,76,76,101,97,83,85,102,100,105,102,92,106,117,104,80,74,99,107,109,113,94,81,104,97,91,98,59,82,86,76,66,61,57,47,48,42,31,30,34,26,16,24,18,8,8,6,12,11,4,2,2,2,0,0,1,0,0,0,0,7007,64,71,75,86,78,86,67,79,78,74,72,82,79,81,67,81,90,84,83,52,56,78,64,76,64,58,76,74,73,62,84,67,71,61,57,75,54,49,71,87,90,72,87,82,87,85,107,98,106,111,114,107,106,115,90,125,106,103,89,123,96,130,118,112,105,102,108,131,94,92,87,78,82,74,75,66,40,51,56,38,39,38,35,34,26,35,27,20,29,20,17,14,16,8,5,7,2,6,3,1,1,0,0
37145,PERSON,39464,19137,256,224,237,240,229,259,241,264,296,269,265,246,257,274,270,264,316,255,264,255,219,201,190,209,199,195,189,203,181,225,206,223,213,245,186,264,217,254,272,275,266,245,252,269,274,301,303,300,327,321,310,288,350,332,354,263,281,278,250,253,268,266,244,263,203,200,187,191,164,161,146,141,131,142,107,97,102,77,101,75,58,54,61,60,58,38,29,28,36,15,21,13,10,6,7,4,2,2,1,2,2,0,0,20327,235,233,237,247,231,223,221,233,235,263,256,236,276,256,267,254,304,245,255,216,186,176,198,199,194,206,207,192,204,234,229,208,233,237,224,237,256,282,290,276,304,261,258,256,287,297,303,334,347,304,319,347,343,336,328,289,326,298,307,266,303,278,267,286,228,215,199,229,198,170,173,166,176,147,142,157,139,129,109,129,108,107,91,92,72,76,66,72,61,44,55,37,26,22,10,10,11,9,7,3,7,0,0
37147,PITT,168148,79360,1174,1174,1163,1182,1115,1099,1048,1091,1004,1123,1028,1061,997,1081,988,959,986,1059,1709,2359,2530,2175,2049,1605,1524,1444,1318,1242,1126,1181,1167,1072,1075,1038,971,984,964,977,1029,1047,1068,969,970,916,981,962,978,902,989,989,973,938,923,1029,967,949,875,860,879,789,830,778,796,717,550,562,564,550,455,465,408,351,322,332,330,272,245,254,224,184,200,175,168,152,106,120,84,94,53,47,39,37,28,9,13,4,3,3,3,4,5,0,0,88788,1116,1078,1132,1064,1035,1024,1009,962,1014,1027,1029,1008,984,957,934,1021,962,1110,2095,3183,3209,2768,2272,1820,1615,1511,1363,1389,1270,1220,1240,1213,1166,1091,1068,1072,1089,1040,1059,1195,1149,1020,1038,998,1010,1158,1068,1128,1075,1130,1196,1072,1151,1097,1181,994,1104,1010,949,891,973,834,929,857,608,625,597,564,497,492,520,427,427,393,426,449,396,352,332,304,302,339,279,290,239,252,194,192,189,143,123,93,83,56,50,38,26,22,18,7,13,5,0
37149,POLK,20510,9825,81,104,100,91,101,113,115,102,120,128,135,110,114,99,133,142,136,122,125,92,99,81,76,73,69,80,89,82,68,93,94,73,70,95,83,92,105,122,106,110,104,136,122,144,127,119,151,138,154,140,189,136,140,141,154,134,158,136,152,164,152,156,166,178,122,119,158,169,144,115,101,99,112,86,101,80,85,71,82,72,64,73,65,53,55,35,48,40,30,29,20,11,17,12,19,15,1,1,3,2,2,0,0,10685,103,74,90,97,90,97,103,87,114,86,112,109,114,150,109,120,118,119,111,96,81,108,59,86,78,63,66,91,78,80,71,75,77,79,78,95,92,114,111,127,138,137,126,114,141,149,141,112,137,179,167,169,170,175,182,190,207,190,182,174,195,168,204,196,130,152,143,155,161,117,146,104,102,111,91,104,106,88,100,97,100,90,90,85,66,76,81,60,68,69,46,51,41,26,19,15,14,7,13,7,3,0,0
37151,RANDOLPH,141752,69838,867,933,972,916,923,937,1004,912,1048,1079,1032,1059,1076,947,1024,1052,1019,1062,930,870,909,763,739,762,792,790,772,745,751,815,782,772,779,802,817,949,908,999,1063,1126,1071,1034,1138,1039,1031,1129,1062,1078,1098,1119,1048,1064,1061,1041,997,987,902,928,842,871,845,840,867,953,677,693,658,678,582,538,541,436,435,394,393,387,297,329,298,261,269,216,211,180,144,138,112,94,79,76,62,41,22,20,16,6,10,2,0,1,0,0,0,71914,832,868,906,906,873,935,966,933,950,978,1032,956,980,959,948,896,970,964,868,810,828,733,767,788,737,801,725,790,802,802,894,836,880,865,844,904,950,998,991,1101,1073,1008,1039,1098,1036,1071,1129,1128,1047,1092,1042,1037,1055,1055,1003,973,972,946,941,904,848,885,990,925,721,776,779,731,643,578,576,522,500,491,507,445,443,406,420,373,383,331,319,268,241,247,233,214,188,164,138,82,78,75,46,37,27,30,17,6,16,0,0
37153,RICHMOND,46639,22957,306,297,362,292,342,275,325,293,297,352,319,299,377,331,356,318,375,332,359,369,396,375,288,270,246,284,233,278,246,304,297,275,307,269,249,287,295,292,302,384,309,281,276,290,329,331,344,326,319,363,320,314,345,318,300,311,302,310,295,287,303,297,262,294,263,208,212,211,168,166,159,144,151,143,138,127,129,108,72,73,92,94,82,56,45,56,36,33,30,22,12,16,13,8,3,4,3,1,0,0,0,0,0,23682,276,321,292,307,301,285,267,290,306,331,316,333,310,333,307,293,325,339,348,276,292,273,240,268,261,252,247,250,264,308,286,289,295,261,253,297,315,322,289,334,291,344,313,295,317,341,319,317,333,340,357,340,336,313,322,315,343,312,375,305,314,339,323,300,250,248,221,248,216,242,195,199,193,152,163,170,150,131,143,111,120,132,112,97,99,85,79,67,73,57,54,32,25,15,16,13,1,6,5,4,2,0,0
37155,ROBESON,134168,65243,1038,1012,1094,1084,1015,990,968,958,1017,1047,1031,1036,1042,1017,964,1040,1042,1058,1257,1248,1141,1050,987,911,868,853,785,851,795,840,849,849,896,873,846,810,805,887,913,893,832,854,852,792,839,866,832,943,869,867,891,803,884,857,865,810,779,805,754,702,756,770,777,747,584,568,486,509,432,397,373,380,341,282,279,307,254,222,182,157,146,160,125,108,104,92,81,53,59,53,36,15,14,13,6,8,5,3,1,0,2,0,0,68925,1032,935,1041,1000,971,967,865,900,968,984,1039,1008,972,926,924,922,1008,1012,1201,1256,1219,1095,956,870,846,923,851,895,881,873,955,856,950,844,824,890,907,881,954,899,916,819,858,871,834,946,857,936,917,955,1012,961,903,937,938,976,918,836,781,874,810,782,769,733,661,624,546,534,548,475,488,428,454,397,400,369,293,343,286,278,306,260,266,260,167,201,141,157,140,113,94,59,52,37,20,24,19,22,8,5,10,1,0
37157,ROCKINGHAM,93643,45166,490,489,589,529,541,560,575,577,612,600,643,645,609,581,606,648,725,660,594,563,505,470,472,486,480,427,437,480,460,471,483,453,557,511,498,578,553,573,623,668,651,653,622,629,686,742,700,751,685,749,761,744,707,676,732,732,706,700,677,621,600,593,640,632,490,486,436,477,428,376,369,361,329,299,323,258,235,232,195,188,199,146,137,156,128,98,98,66,69,42,40,25,21,12,9,9,6,7,3,1,2,0,0,48477,477,519,501,524,546,529,528,540,595,568,603,598,538,602,579,629,618,616,539,479,518,500,477,509,522,441,451,525,504,495,521,486,549,518,551,562,580,615,697,716,679,623,706,702,703,774,740,730,748,712,792,795,792,782,749,767,727,698,701,656,643,650,660,646,532,517,542,514,485,473,439,418,430,358,389,390,323,312,288,289,308,323,287,237,231,237,178,169,162,125,109,76,56,49,51,41,33,18,17,17,12,2,0
37159,ROWAN,138428,68363,870,921,970,944,908,880,954,947,974,928,924,958,889,942,974,932,960,1019,994,982,1064,867,826,810,848,795,825,862,861,855,857,812,880,824,816,847,868,865,974,1054,952,923,950,934,976,1047,1073,1040,970,1039,1115,988,1017,984,1034,930,940,939,949,815,824,796,913,822,577,654,650,645,550,540,465,437,372,370,389,376,305,297,316,278,262,247,222,204,160,153,131,117,104,71,57,46,54,25,16,7,7,3,3,2,1,0,0,70065,821,873,900,931,906,865,888,882,870,913,855,915,897,925,864,907,921,915,887,898,882,868,833,842,864,794,764,799,849,869,918,863,831,817,788,789,856,877,880,1044,926,937,897,928,958,983,1031,1022,1074,1052,1103,1026,1011,1015,977,975,952,945,847,812,939,887,844,976,631,661,708,700,628,535,565,511,500,494,457,477,404,443,466,359,387,373,326,312,336,281,250,236,210,185,157,120,109,66,74,46,19,21,13,6,20,1,1
37161,RUTHERFORD,67810,32781,378,377,426,438,339,390,440,358,427,468,456,445,430,477,471,473,434,475,448,416,385,352,296,337,337,331,297,343,318,358,409,346,386,342,367,394,386,412,420,459,468,443,476,461,461,506,468,526,495,499,507,483,498,475,467,501,514,475,452,431,468,495,495,515,388,352,356,406,332,295,314,306,266,234,223,221,194,185,165,136,136,134,105,117,85,82,70,67,62,48,15,20,13,12,5,7,5,2,2,0,1,0,0,35029,376,368,374,416,386,401,388,390,409,466,453,430,414,411,445,448,459,488,465,378,355,327,353,353,349,301,328,349,333,330,374,379,361,363,393,426,399,415,464,451,486,476,459,486,472,508,500,496,515,506,516,514,517,560,524,552,532,479,516,463,485,503,519,534,390,398,415,454,389,366,351,329,283,320,274,273,266,230,235,215,207,195,187,184,173,174,141,115,134,89,70,59,45,55,39,30,16,18,11,4,8,1,0
37163,SAMPSON,63431,31108,421,415,463,451,452,466,439,460,501,464,514,468,445,459,470,470,467,509,427,386,404,334,384,371,352,335,366,358,357,376,390,407,418,399,326,412,451,458,420,472,393,459,413,458,438,480,465,470,471,437,452,395,435,439,412,446,436,418,401,384,361,364,388,330,275,304,302,275,228,241,238,210,192,177,180,177,138,113,121,112,100,98,93,79,70,56,40,55,44,36,14,11,11,9,5,2,9,5,1,1,4,0,0,32323,443,453,406,448,453,419,441,437,435,448,488,466,438,379,463,405,492,429,385,347,376,337,299,359,353,319,368,397,382,420,418,394,397,411,378,434,373,412,458,461,425,386,435,429,439,437,426,415,414,442,477,438,475,471,472,462,454,433,373,386,381,408,451,372,308,331,332,324,290,257,249,258,262,251,222,249,211,215,202,178,183,158,140,123,117,118,105,83,92,71,93,23,27,43,21,16,13,15,6,2,12,1,0
37165,SCOTLAND,36157,17466,222,261,235,275,263,224,248,238,230,260,283,289,283,262,252,314,256,287,271,258,246,246,229,161,201,206,187,164,181,245,197,209,215,210,216,235,200,260,237,220,265,222,209,208,203,286,249,254,286,204,237,248,278,264,246,276,218,240,234,256,216,241,253,222,183,167,156,147,144,138,121,119,108,85,92,75,64,82,77,65,49,44,39,30,35,38,29,10,18,24,7,9,5,2,8,2,3,0,0,0,0,0,0,18691,248,227,276,251,236,228,232,202,204,218,225,228,253,272,275,251,268,297,298,240,268,238,256,200,203,216,199,218,191,210,193,225,219,208,215,208,221,257,236,252,229,216,230,220,261,262,238,268,255,308,268,231,283,269,285,285,250,282,298,282,271,258,251,219,188,216,195,174,156,165,138,120,136,129,116,125,93,101,86,85,95,88,94,78,74,85,58,60,63,38,35,33,13,19,16,15,5,4,4,2,7,1,0
37167,STANLY,60585,30111,341,372,381,382,356,366,385,376,402,416,402,437,390,390,409,409,386,446,503,474,427,438,341,393,381,341,320,316,353,339,336,340,375,330,339,348,386,393,496,422,443,426,382,433,460,483,494,447,486,449,440,440,417,463,422,443,406,405,425,396,382,394,420,370,291,307,274,325,257,268,199,232,240,180,204,174,142,146,125,129,105,114,114,105,79,73,64,47,39,24,30,21,8,13,7,6,2,1,0,2,1,0,0,30474,335,339,370,337,377,412,332,370,389,358,351,382,364,342,388,416,429,396,397,378,402,363,370,353,347,341,287,348,352,325,340,315,345,311,295,321,364,375,407,389,463,425,395,457,377,485,469,476,451,442,468,436,447,389,434,428,440,418,413,372,369,396,446,397,319,319,371,353,311,282,245,258,216,226,244,239,212,201,214,185,205,184,182,135,111,121,110,100,91,64,59,58,33,29,18,20,23,8,14,1,7,1,0
37169,STOKES,47401,23124,246,258,272,285,239,252,266,305,280,290,300,308,365,312,319,354,348,366,310,293,246,188,210,243,245,229,198,229,229,216,226,268,239,222,271,251,291,312,346,367,322,354,340,383,351,382,387,416,389,408,416,354,352,388,405,400,339,339,344,312,294,315,339,339,231,263,265,211,229,208,197,184,178,169,162,160,118,101,95,80,101,93,56,75,61,52,39,28,26,24,12,19,7,4,8,3,1,1,0,0,1,0,0,24277,215,239,231,261,250,266,282,268,270,307,302,296,303,330,336,302,353,345,271,252,263,229,214,231,202,214,218,222,248,221,248,215,247,249,279,270,286,306,358,372,397,330,366,354,366,419,380,406,417,397,412,380,405,379,376,382,371,322,342,339,292,327,355,373,275,280,298,291,244,250,226,199,199,200,184,162,159,151,146,128,137,136,104,115,91,114,96,79,77,78,40,44,18,26,15,25,6,5,8,4,9,0,0
37171,SURRY,73673,35971,435,457,451,422,448,462,487,457,451,497,527,513,528,515,521,572,547,537,504,488,449,384,373,325,340,377,376,374,413,412,367,369,418,440,447,428,464,559,497,527,507,546,481,528,525,538,554,538,576,553,554,532,507,517,523,487,484,515,474,453,476,495,538,509,327,361,355,350,343,310,275,286,284,249,247,192,184,213,172,167,146,126,142,113,94,101,73,69,58,35,36,23,13,18,18,8,5,4,1,2,3,0,0,37702,400,427,451,460,424,416,443,426,478,475,501,524,500,551,445,496,457,516,416,402,391,367,351,339,361,342,370,360,360,388,377,405,442,402,427,439,523,507,510,529,559,483,507,517,565,575,543,533,532,573,577,525,521,544,570,516,534,495,522,512,474,474,558,506,415,401,437,455,331,375,347,353,354,324,313,258,226,291,259,257,234,213,230,207,207,168,157,145,136,101,82,84,55,39,44,40,19,11,5,7,8,1,0
37173,SWAIN,13981,6812,92,71,91,91,83,103,95,89,83,99,86,87,112,87,111,90,91,97,112,109,95,77,66,86,72,59,64,62,88,71,80,92,77,66,71,88,81,92,71,97,82,75,80,87,72,113,96,101,113,95,101,103,101,99,90,106,82,82,92,100,84,95,105,91,96,94,75,74,92,59,65,55,48,48,47,55,34,38,24,39,27,25,27,16,21,11,13,10,5,2,10,8,5,2,3,2,0,2,0,0,1,0,0,7169,80,100,86,72,113,86,97,68,84,80,95,87,90,88,94,105,94,92,81,88,90,96,72,82,63,79,79,93,65,90,71,70,83,71,88,78,98,64,99,105,102,69,87,81,88,119,80,110,83,113,104,107,118,99,98,117,108,114,91,100,76,122,107,83,93,83,81,85,76,79,70,56,53,60,74,58,40,32,56,51,40,28,40,33,25,21,29,24,14,15,13,8,9,5,9,6,5,1,1,2,2,0,0
37175,TRANSYLVANIA,33090,15973,151,149,146,142,159,153,145,149,160,176,170,171,195,159,173,161,205,199,266,271,219,257,190,164,143,165,154,143,132,142,151,153,164,141,175,152,144,182,168,140,150,166,186,187,180,183,188,196,240,223,208,190,221,221,241,241,228,215,267,219,237,243,235,316,235,219,227,224,232,194,220,217,233,193,170,152,155,123,147,140,150,136,126,91,71,61,49,51,52,38,22,23,18,13,11,8,5,1,0,1,5,0,0,17117,150,157,162,148,153,152,164,149,129,151,165,153,148,191,189,167,176,165,197,218,186,171,174,159,163,123,152,156,134,130,156,144,142,144,148,188,143,166,150,163,200,163,194,168,182,214,252,242,206,259,206,226,273,256,248,247,265,243,264,271,229,265,295,337,275,276,297,324,281,236,227,254,202,215,195,166,193,183,174,146,154,156,131,160,100,96,79,86,79,73,62,45,32,41,26,22,20,13,9,6,2,0,0
37177,TYRRELL,4407,2434,14,20,26,19,29,19,25,24,27,18,20,29,22,17,26,15,29,19,24,33,23,25,29,57,57,53,51,42,39,51,59,44,47,29,43,48,29,42,25,31,38,32,37,28,35,41,35,34,48,40,46,37,51,27,29,31,35,27,29,26,28,27,26,28,20,20,15,14,21,28,28,10,22,10,16,18,16,17,10,8,12,9,6,10,5,7,3,3,1,0,3,1,2,1,0,1,1,0,0,1,1,0,0,1973,25,17,32,28,23,17,24,19,15,27,27,18,19,15,19,18,22,32,34,24,15,15,13,21,12,22,29,16,16,23,18,17,26,5,28,21,17,14,30,25,25,22,21,18,31,30,29,36,26,38,34,29,29,37,35,40,30,22,22,21,28,25,40,21,24,22,27,20,24,14,25,24,19,29,25,22,11,14,17,12,12,6,12,18,6,4,7,11,10,10,10,4,2,2,0,1,1,1,0,0,0,0,0
37179,UNION,201292,99366,1294,1424,1534,1596,1708,1687,1876,1918,1958,2004,1911,1926,1802,1830,1784,1745,1632,1554,1449,1247,1083,1018,954,938,941,894,937,940,956,1024,1073,1071,1134,1203,1197,1394,1319,1503,1708,1837,1817,1813,1693,1743,1749,1797,1756,1735,1574,1612,1525,1446,1322,1301,1213,1189,1097,1065,966,936,974,918,926,950,718,747,770,734,633,583,519,542,415,427,353,380,310,260,254,226,203,175,172,159,104,100,108,90,53,54,56,31,17,14,15,7,6,2,3,4,2,0,0,101926,1249,1304,1441,1504,1629,1665,1725,1763,1730,1939,1812,1736,1789,1744,1742,1766,1610,1549,1398,1092,974,884,918,902,855,875,909,974,1045,1069,1184,1159,1272,1382,1309,1487,1531,1687,1692,1978,1901,1784,1817,1791,1748,1731,1812,1635,1628,1565,1490,1443,1426,1281,1166,1160,1156,1050,1086,1040,1004,1061,1082,1071,787,850,807,843,722,601,592,596,510,521,463,430,355,366,352,314,301,272,255,238,226,218,201,147,169,144,103,78,75,54,38,26,28,10,11,5,15,2,0
37181,VANCE,45422,21319,298,308,284,343,322,312,322,279,328,369,330,307,329,326,313,308,375,388,362,335,301,304,264,290,233,228,211,199,252,247,273,243,249,225,235,237,259,253,313,295,327,268,297,247,291,284,265,327,317,276,264,285,322,304,306,322,260,312,279,241,299,257,253,277,225,197,203,205,176,164,158,146,147,114,109,104,116,81,89,68,57,67,75,69,49,36,29,20,19,21,11,13,0,8,4,1,4,2,3,0,0,0,0,24103,300,303,305,337,302,309,264,349,303,363,312,313,289,282,321,288,368,392,339,325,313,296,249,299,281,244,265,249,279,287,295,267,282,253,247,277,286,278,327,345,335,304,327,304,320,326,345,368,321,363,341,337,391,336,352,355,351,363,318,310,309,318,320,278,272,232,236,248,220,203,168,169,162,160,176,154,160,139,144,133,115,128,117,99,76,94,79,87,67,47,50,31,42,32,22,26,14,8,4,1,13,0,0
37183,WAKE,900993,438792,6454,6467,6756,6870,6765,6855,6930,6897,6872,6963,6700,6551,6704,6324,6375,6348,6310,6281,6282,6550,6483,6284,6125,6280,6377,6422,6259,6713,6619,6503,6723,6700,6791,6754,6745,7035,6930,7022,7247,7747,7746,7148,7020,6672,6871,6908,7015,6867,6629,6556,6538,6047,5943,5632,5467,5135,4832,4685,4357,4066,3838,3833,3890,3914,2951,2855,2777,2730,2144,1937,1754,1662,1632,1444,1341,1300,1177,1107,1066,908,883,801,715,641,584,573,460,390,346,274,201,144,119,79,54,47,30,15,8,10,9,1,1,462201,6097,6308,6443,6661,6674,6742,6814,6587,6687,6746,6535,6511,6315,6170,5933,6065,5980,5923,6035,6042,6090,5785,5872,6431,6617,6664,6571,6978,6897,7188,7313,7083,7486,7108,7409,7637,7109,7432,7520,8158,7931,7394,7044,7221,7224,7282,7311,7097,7115,7067,6852,6487,6319,6055,5760,5732,5384,5245,5016,4600,4498,4402,4532,4447,3240,3152,3098,2975,2516,2406,2277,2091,1993,1814,1793,1731,1412,1525,1482,1375,1350,1298,1183,1172,1094,1022,896,832,828,629,512,427,356,263,237,175,134,101,64,43,69,5,0
37185,WARREN,20972,10597,123,105,121,125,128,96,119,114,100,115,116,101,132,106,129,114,141,162,127,117,127,159,164,120,119,116,120,135,136,141,118,135,101,129,107,116,125,115,132,124,113,144,131,117,151,150,178,153,170,150,176,154,183,151,200,156,183,174,154,167,165,160,140,156,142,128,114,132,133,124,90,100,87,71,98,77,64,57,73,51,52,45,40,37,21,27,29,17,15,18,9,10,14,6,0,1,5,1,2,1,0,0,0,10375,99,121,135,117,118,130,95,97,114,120,115,120,111,101,106,141,140,131,137,105,104,76,100,123,110,108,105,83,89,124,101,112,99,78,81,103,103,96,113,110,100,126,98,110,115,152,140,149,144,147,165,172,160,137,191,181,174,172,197,166,148,143,195,160,150,158,129,140,130,91,93,113,99,88,111,95,73,99,76,69,69,67,71,73,51,52,50,38,46,23,27,16,17,9,15,6,2,5,1,2,8,0,0
37187,WASHINGTON,13228,6221,96,81,92,72,98,68,76,84,83,102,78,81,101,77,92,83,104,98,94,78,82,70,58,55,50,57,48,68,52,75,55,56,58,65,61,52,55,63,58,65,62,42,81,71,94,81,94,95,92,72,91,98,87,108,106,106,137,100,105,101,102,94,102,94,67,73,86,77,52,49,53,59,44,48,49,57,38,26,27,28,39,27,28,25,23,14,16,14,13,6,6,4,5,5,2,2,1,1,1,0,0,0,0,7007,78,80,84,99,77,71,105,76,73,68,96,65,78,89,87,86,87,78,79,88,73,65,57,71,71,73,79,65,62,61,59,56,88,72,66,72,60,76,88,84,113,85,96,84,90,98,105,111,76,98,108,83,112,112,118,125,116,120,110,99,106,98,88,108,90,88,87,100,80,63,61,55,60,67,64,57,54,60,57,50,49,48,32,38,27,39,35,27,31,17,11,16,11,6,8,5,6,1,2,3,1,0,0
37189,WATAUGA,51079,25636,196,209,219,192,191,210,196,204,176,206,193,205,199,211,206,216,243,229,737,1449,1684,1585,1331,917,567,430,389,316,312,255,229,243,252,235,195,242,199,243,229,244,266,249,217,240,230,243,279,274,273,281,272,242,318,294,293,314,272,264,293,314,266,296,305,279,229,216,206,220,188,194,165,181,129,154,115,90,107,101,87,90,76,83,88,51,41,56,37,42,24,22,18,22,10,8,5,7,12,1,1,0,2,0,0,25443,166,220,168,201,185,193,183,179,168,199,186,181,171,178,182,236,180,197,893,1720,1740,1483,1080,659,418,295,279,275,243,220,237,193,217,197,231,213,207,224,221,284,226,247,222,255,211,259,279,327,305,294,308,273,296,329,305,283,327,302,311,347,289,261,313,266,226,233,243,223,195,198,182,166,140,131,151,135,131,130,95,113,106,105,103,103,75,73,64,69,55,50,32,35,31,32,24,11,12,7,9,9,9,0,0
37191,WAYNE,122623,59956,896,892,875,890,936,813,860,869,910,908,857,879,826,835,756,905,815,886,860,915,952,964,918,957,939,997,822,881,852,814,809,736,806,736,711,746,721,750,763,762,750,783,701,838,758,881,923,898,915,862,862,857,876,811,772,822,750,752,715,686,681,647,691,639,488,492,487,439,391,393,419,401,342,352,321,295,288,239,263,209,176,184,150,126,134,95,72,78,66,45,38,25,15,11,12,6,10,2,1,1,1,0,0,62667,799,876,844,886,871,881,826,821,814,792,797,796,796,810,788,815,835,829,840,773,860,784,793,817,909,913,881,823,759,833,808,720,783,733,740,745,746,777,800,850,818,803,791,765,787,918,873,920,886,915,913,920,915,885,931,836,794,835,816,785,753,722,748,704,572,585,607,561,545,460,480,489,481,443,412,424,387,339,362,322,318,289,266,283,234,216,180,156,144,110,110,73,69,39,31,31,14,8,12,12,5,2,0
37193,WILKES,69340,34264,390,402,422,385,424,422,425,438,483,479,461,477,448,440,451,496,489,461,439,371,358,326,385,301,373,379,370,329,343,406,391,397,401,403,382,418,432,465,474,494,510,429,504,466,492,553,549,509,553,535,566,540,550,531,538,520,517,486,482,439,452,460,467,478,381,417,397,391,340,302,302,270,260,260,237,239,209,177,152,154,137,139,113,114,105,95,54,60,59,43,19,19,20,16,10,7,3,3,3,1,0,0,0,35076,334,397,417,410,409,380,378,431,429,450,444,457,418,425,491,415,435,423,367,346,327,326,359,346,339,351,333,310,332,388,386,363,365,389,398,399,442,403,470,509,501,411,458,443,476,539,537,528,566,588,504,534,548,514,503,522,539,494,534,454,494,497,504,549,397,458,414,405,384,325,337,340,357,310,314,253,260,242,208,223,215,192,178,151,141,149,144,109,112,102,65,53,55,40,34,21,24,13,5,3,14,1,0
37195,WILSON,81234,38784,565,588,588,548,543,551,541,571,560,561,569,609,601,568,563,570,633,606,566,531,500,501,429,499,460,495,469,505,495,455,472,470,484,433,458,409,480,510,478,539,558,524,485,496,542,534,538,565,561,548,577,531,533,584,579,543,559,512,568,508,467,458,524,461,371,333,358,395,320,282,260,258,246,208,257,230,147,161,151,128,114,148,112,91,104,80,63,57,46,41,29,22,14,8,8,4,2,2,2,0,4,0,0,42450,525,503,530,522,538,538,511,551,521,577,554,593,524,526,526,549,551,578,582,545,526,526,486,482,473,518,482,488,511,473,514,524,499,527,512,508,538,507,530,568,595,557,547,545,561,650,616,608,603,602,625,598,634,638,591,652,610,631,578,518,564,498,595,530,436,432,421,432,349,329,339,321,326,322,311,249,286,257,235,200,226,218,210,169,195,188,140,113,121,107,67,64,49,43,33,27,16,19,9,1,8,0,0
37197,YADKIN,38406,18877,187,261,228,234,264,235,247,252,223,285,257,288,276,295,253,278,317,276,286,204,195,189,224,168,184,180,177,164,206,204,214,218,198,180,220,240,238,242,234,316,308,300,264,288,269,333,298,296,289,297,321,295,282,254,295,238,282,255,258,224,244,234,263,256,210,187,203,208,149,180,187,159,142,121,134,118,94,96,90,78,76,78,59,57,52,34,36,40,26,21,17,16,13,3,2,4,1,1,1,0,3,0,1,19529,205,232,205,236,231,226,207,240,222,259,253,270,237,241,272,249,242,255,249,184,188,173,196,202,216,193,192,195,197,206,223,186,220,216,216,235,228,271,266,298,286,289,295,297,288,311,330,332,271,295,272,288,270,285,278,289,251,242,280,226,296,264,272,241,195,216,230,247,185,194,178,154,181,163,140,162,127,154,126,123,117,115,96,86,80,68,69,48,54,46,54,50,22,16,13,8,13,6,6,4,3,0,0
37199,YANCEY,17818,8744,88,72,90,112,86,127,102,117,97,102,127,88,99,97,135,75,121,116,115,91,86,81,74,73,85,104,95,80,71,76,88,105,92,75,104,116,114,112,122,109,119,109,132,99,147,139,133,124,104,111,148,130,111,127,128,125,147,137,126,139,142,135,138,133,118,113,110,130,107,102,95,84,84,86,65,83,67,68,56,52,44,44,38,32,36,17,20,24,20,9,9,10,3,6,4,5,0,0,0,0,1,0,0,9074,85,66,91,71,92,76,82,87,95,97,100,94,120,101,103,120,119,112,85,77,95,90,77,73,62,90,65,93,69,69,103,88,110,96,111,106,98,99,113,112,139,99,112,108,108,119,139,127,130,116,153,134,128,141,136,136,155,132,145,149,144,160,147,155,122,136,101,132,114,101,113,92,87,106,98,87,74,68,74,64,66,53,57,64,43,48,34,37,42,31,29,25,22,14,9,6,5,6,5,0,5,0,0
